,player_id,player,nickname,team_id,team,age,gp,w,l,w_pct,min,fgm,fga,fg_pct,fg3m,fg3a,fg3_pct,ftm,fta,ft_pct,oreb,dreb,reb,ast,tov,stl,blk,blka,pf,pfd,pts,plus_minus
1,1630545,Terrence Shannon Jr.,Terrence,1612709911,IWA,24.0,4,2,2,0.5,36.32,11.75,22.0,0.534,2.0,5.5,0.364,6.5,6.75,0.963,1.25,3.25,4.5,2.5,3.5,1.0,0.25,3.0,1.5,6.75,36.5,-2.25
2,1630538,Bones Hyland,Bones,1612709911,IWA,24.0,4,0,4,0.0,40.8,9.5,22.5,0.422,7.0,16.0,0.438,3.5,4.5,0.778,1.0,3.5,4.5,5.5,1.0,4.0,1.0,1.5,3.0,6.0,33.5,-8.5
3,1642263,Reed Sheppard,Reed,1612709908,RGV,20.0,6,4,2,0.667,35.46,10.33,22.67,0.456,5.0,12.33,0.406,3.0,3.0,1.0,0.33,4.0,4.33,8.33,2.33,2.67,1.0,2.67,2.33,3.0,30.67,6.33
4,202738,Isaiah Thomas,Isaiah,1612709903,SLC,36.0,22,16,6,0.727,31.22,9.27,20.55,0.451,3.91,10.0,0.391,3.91,4.09,0.956,0.36,2.0,2.36,5.64,2.55,1.09,0.55,0.55,1.73,5.18,29.64,0.91
5,1641741,Ricky Council IV,Ricky,1612709909,DEL,23.0,2,2,0,1.0,36.87,8.0,19.0,0.421,3.0,7.0,0.429,6.0,6.0,1.0,5.0,3.0,8.0,2.0,2.0,0.0,1.0,0.0,2.0,8.0,29.0,23.0
6,1630314,Brandon Williams,Brandon,1612709918,TEX,25.0,10,4,6,0.4,38.4,9.8,20.3,0.483,3.3,8.5,0.388,3.6,5.3,0.679,1.5,3.9,5.4,7.3,4.9,1.9,0.7,1.4,2.2,7.1,28.9,-2.2
7,1631121,Bryce McGowens,Bryce,1612709933,RCR,22.0,27,12,15,0.444,35.86,9.11,19.3,0.472,2.19,6.48,0.338,4.81,5.85,0.822,0.81,2.78,3.59,3.56,3.3,1.3,0.78,1.15,2.26,7.19,28.3,2.7
8,1642269,Devin Carter,Devin,1612709914,STO,22.0,10,8,2,0.8,34.29,9.2,17.8,0.517,3.8,10.0,0.38,2.2,3.0,0.733,2.2,7.2,9.4,5.4,3.8,2.0,1.2,0.4,1.0,4.8,26.6,7.6
9,1631133,Jabari Walker,Jabari,1612709933,RCR,22.0,2,2,0,1.0,29.17,9.0,14.0,0.643,2.0,4.0,0.5,4.0,5.0,0.8,1.0,11.0,12.0,2.0,3.0,1.0,0.0,0.0,4.0,5.0,26.0,-2.0
10,1641871,Duop Reath,Duop,1612709933,RCR,28.0,4,2,2,0.5,32.81,9.5,23.0,0.413,3.5,10.0,0.35,3.0,3.0,1.0,3.5,5.0,8.5,2.0,2.5,0.5,1.5,4.0,4.5,4.0,26.0,-5.0
11,1641725,Trey Alexander,Trey,1612709917,GRG,21.0,26,15,11,0.577,37.07,9.23,20.12,0.459,2.65,6.58,0.403,2.92,3.69,0.791,0.38,5.31,5.69,5.5,2.77,1.65,0.5,1.23,2.38,4.5,25.77,2.35
12,1630537,Chris Duarte,Chris,1612709923,WCB,27.0,4,2,2,0.5,34.93,8.0,15.5,0.516,3.5,9.0,0.389,4.5,4.5,1.0,0.0,4.5,4.5,5.5,5.0,3.5,0.0,0.5,3.0,4.5,25.5,3.0
13,1631120,JD Davison,JD,1612709915,MNE,22.0,38,21,17,0.553,34.36,9.18,18.89,0.486,1.61,4.92,0.327,3.21,4.16,0.772,1.47,3.5,4.97,7.66,3.39,1.47,0.68,1.05,2.21,5.05,25.34,3.55
14,1641745,Adam Flagler,Adam,1612709889,OKL,25.0,6,6,0,1.0,32.35,8.33,22.67,0.367,5.0,15.67,0.319,2.0,2.67,0.749,0.67,4.33,5.0,5.67,1.33,2.33,0.0,0.67,1.0,2.67,25.0,8.33
15,1641810,Antonio Reeves,Antonio,1612709913,BHM,22.0,10,3,7,0.3,38.66,9.1,19.8,0.46,3.5,8.5,0.412,2.0,2.5,0.8,2.0,4.1,6.1,2.1,2.1,1.3,0.4,2.0,2.4,3.0,25.0,-5.5
16,1631159,Leonard Miller,Leonard,1612709911,IWA,21.0,17,13,4,0.765,38.26,9.35,18.53,0.505,1.65,4.71,0.35,2.59,2.94,0.881,3.35,8.65,12.0,3.29,3.35,0.82,1.29,0.94,2.82,3.82,24.71,5.18
17,203933,T.J. Warren,T.J.,1612709919,WES,31.0,34,20,14,0.588,36.07,9.0,18.5,0.486,2.97,8.35,0.356,2.18,2.53,0.862,2.35,3.91,6.26,3.71,2.15,1.79,0.76,0.88,1.88,2.94,24.65,4.29
18,1631223,David Roddy,David,1612709908,RGV,23.0,4,2,2,0.5,29.58,9.0,17.5,0.514,6.5,11.5,0.565,0.0,1.5,0.0,1.0,4.0,5.0,1.0,1.5,2.5,1.0,1.5,2.0,2.0,24.5,5.0
19,1629669,Jaylen Nowell,Jaylen,1612709928,CCG,25.0,25,16,9,0.64,34.77,9.04,17.32,0.522,3.08,6.12,0.503,2.08,2.36,0.881,0.68,3.56,4.24,5.36,2.08,0.84,0.32,0.4,2.56,2.76,24.44,4.04
20,1630288,Jeff Dowtin Jr.,Jeff,1612709909,DEL,27.0,15,9,6,0.6,32.7,9.33,18.13,0.515,2.93,6.67,0.439,1.8,2.33,0.773,0.27,2.53,2.8,4.33,1.27,1.27,0.4,1.27,1.87,2.87,24.33,2.93
21,1631210,Jacob Toppin,Jacob,1612709929,CPS,24.0,16,11,5,0.688,37.07,8.69,16.75,0.519,2.31,6.12,0.377,2.62,3.19,0.821,2.12,6.12,8.25,3.31,2.38,0.69,0.75,0.81,1.56,4.0,24.25,4.44
22,1641757,Jordan Miller,Jordan,1612709924,SDC,25.0,7,4,3,0.571,31.13,7.71,15.14,0.509,2.0,5.71,0.35,3.86,4.57,0.845,1.29,3.86,5.14,3.57,2.29,1.0,0.57,0.57,2.0,4.71,23.86,8.43
23,1642285,Cam Spencer,Cam,1612709926,MHU,24.0,8,3,5,0.375,32.16,8.0,14.88,0.538,4.5,9.12,0.493,1.62,2.12,0.764,1.25,2.38,3.62,3.5,1.25,1.0,0.25,0.5,1.88,2.38,23.5,2.25
24,1641738,Kobe Brown,Kobe,1612709924,SDC,25.0,5,4,1,0.8,34.01,8.0,16.6,0.482,3.0,7.8,0.385,2.4,2.8,0.857,1.2,4.6,5.8,4.2,3.0,2.0,0.2,0.8,1.6,3.4,23.2,3.8
25,1630222,Mason Jones,Mason,1612709914,STO,26.0,18,14,4,0.778,34.56,7.28,14.78,0.493,3.89,8.39,0.464,3.28,4.11,0.798,0.5,4.39,4.89,7.39,4.56,1.11,0.33,0.28,2.22,4.5,23.17,0.89
26,1641733,Nick Smith Jr.,Nick,1612709922,GBO,20.0,8,5,3,0.625,32.96,8.38,19.75,0.424,3.38,9.5,0.356,1.88,2.0,0.94,0.75,3.25,4.0,2.75,2.25,0.5,0.62,0.88,2.12,2.25,23.0,5.25
27,1630528,Josh Christopher,Josh,1612709904,SXF,23.0,28,15,13,0.536,36.57,8.71,19.89,0.438,2.71,9.18,0.295,1.79,2.39,0.749,1.11,4.86,5.96,4.46,3.14,2.07,0.71,0.68,2.36,3.36,22.96,4.14
28,1630243,Trevelin Queen,Trevelin,1612709925,OSC,28.0,18,6,12,0.333,33.25,8.22,16.78,0.49,4.0,9.89,0.404,1.33,1.56,0.853,2.22,3.33,5.56,5.11,3.56,2.11,0.89,0.67,2.22,1.89,22.67,-1.22
29,1631245,Quenton Jackson,Quenton,1612709910,IMA,26.0,16,10,6,0.625,36.72,8.25,16.06,0.514,1.38,3.19,0.433,2.81,3.38,0.831,1.75,3.88,5.62,5.75,3.0,1.75,0.31,1.56,2.56,4.81,22.5,3.56
30,1630215,Jared Butler,Jared,1612709928,CCG,24.0,4,4,0,1.0,30.33,7.5,13.0,0.577,1.5,3.5,0.429,4.5,6.0,0.75,1.0,3.5,4.5,6.5,1.5,0.5,0.5,1.5,2.5,5.5,22.5,5.0
31,1641824,Matas Buzelis,Matas,1612709923,WCB,20.0,2,0,2,0.0,34.43,9.5,22.5,0.422,1.5,8.0,0.188,1.5,2.5,0.6,3.0,6.5,9.5,3.0,2.0,0.5,3.5,2.0,2.5,2.5,22.5,-3.5
32,1631311,Lester Quinones,Lester,1612709913,BHM,24.0,35,13,22,0.371,35.78,7.69,17.43,0.441,2.77,8.06,0.344,2.6,3.54,0.734,1.09,6.11,7.2,4.4,3.69,1.31,0.31,1.29,2.86,4.49,22.34,-2.4
33,1642443,Jahmir Young,Jahmir,1612709923,WCB,24.0,36,20,16,0.556,34.62,8.61,18.28,0.471,1.08,4.14,0.261,2.33,2.83,0.823,1.36,3.11,4.47,7.11,2.94,1.83,0.31,1.25,1.42,3.47,21.97,1.17
34,1630201,Malachi Flynn,Malachi,1612709890,AUS,26.0,28,20,8,0.714,32.33,7.29,16.21,0.45,3.21,8.71,0.369,2.14,2.54,0.843,0.79,3.93,4.71,4.39,2.14,1.54,0.39,0.79,2.14,3.82,21.75,8.29
35,1628995,Kevin Knox II,Kevin,1612709902,SCW,25.0,28,14,14,0.5,32.57,7.68,15.5,0.495,2.5,6.43,0.389,2.36,3.11,0.759,1.07,6.89,7.96,2.43,2.36,0.68,0.82,0.82,2.11,3.82,21.75,0.39
36,1629618,Jalen Pickett,Jalen,1612709917,GRG,25.0,16,10,6,0.625,37.96,8.12,17.5,0.464,2.0,6.0,0.333,2.38,2.88,0.826,2.5,5.0,7.5,7.25,3.12,1.62,0.62,0.25,2.0,3.62,21.75,-1.25
37,1642268,Isaiah Collier,Isaiah,1612709903,SLC,20.0,6,4,2,0.667,29.7,9.0,18.0,0.5,2.0,4.33,0.462,1.33,1.67,0.796,1.33,4.33,5.67,5.33,4.0,1.0,0.67,1.67,1.67,3.0,21.67,5.67
38,1631306,Cole Swider,Cole,1612709905,SBL,25.0,24,11,13,0.458,34.44,7.25,14.96,0.485,4.58,10.17,0.45,1.38,1.42,0.972,0.88,5.04,5.92,2.29,0.92,0.96,0.33,0.71,2.04,1.42,21.58,1.38
39,1630644,Mac McClung,Mac,1612709925,OSC,26.0,34,17,17,0.5,32.25,7.56,16.15,0.468,1.97,5.97,0.33,2.62,3.15,0.832,1.12,2.76,3.88,5.47,3.26,0.76,0.53,0.91,1.56,4.03,21.47,1.68
40,1642403,Isaac Jones,Isaac,1612709914,STO,24.0,15,13,2,0.867,32.34,8.47,14.93,0.567,1.0,3.33,0.3,2.33,3.13,0.744,3.67,6.07,9.73,1.73,2.2,1.0,1.0,1.13,2.4,4.07,21.27,4.6
41,1641796,Pelle Larsson,Pelle,1612709904,SXF,24.0,2,0,2,0.0,38.0,7.0,18.0,0.389,2.0,9.0,0.222,2.0,3.0,0.667,1.0,3.0,4.0,3.0,3.0,3.0,1.0,0.0,2.0,6.0,21.0,-21.0
42,1641729,Brice Sensabaugh,Brice,1612709903,SLC,21.0,2,0,2,0.0,27.92,9.0,19.0,0.474,3.0,10.0,0.3,0.0,0.0,,1.0,4.0,5.0,4.0,4.0,1.0,0.0,0.0,3.0,1.0,21.0,8.0
43,1631213,Tyrese Martin,Tyrese,1612709921,LIN,26.0,4,0,4,0.0,31.68,7.5,19.0,0.395,3.0,10.5,0.286,1.5,1.5,1.0,1.0,4.5,5.5,4.0,2.5,0.5,1.0,1.5,3.5,1.5,21.0,-24.0
44,1630643,Jay Huff,Jay,1612709926,MHU,27.0,2,0,2,0.0,33.53,7.0,18.0,0.389,2.0,8.0,0.25,3.0,5.0,0.6,4.0,6.0,10.0,4.0,4.0,2.0,4.0,1.0,4.0,5.0,21.0,3.0
45,1630639,A.J. Lawson,A.J.,1612709920,RAP,24.0,36,15,21,0.417,32.9,7.06,15.81,0.447,2.47,6.69,0.369,2.42,3.33,0.727,0.78,4.58,5.36,2.42,1.86,1.28,0.25,1.22,2.58,4.0,20.97,-0.19
46,1631102,TyTy Washington Jr.,TyTy,1612709934,VAL,23.0,27,16,11,0.593,32.11,7.93,16.7,0.475,2.93,6.78,0.432,1.41,1.67,0.844,0.33,4.3,4.63,6.78,2.26,0.85,0.37,0.85,1.7,2.67,20.93,3.48
47,1641989,Elijah Harkless,Elijah,1612709903,SLC,25.0,32,24,8,0.75,29.55,6.28,14.41,0.436,2.53,6.69,0.378,3.28,4.38,0.749,1.22,4.53,5.75,4.38,2.19,1.81,0.69,0.97,2.81,6.0,20.69,7.88
48,1641713,GG Jackson,GG,1612709926,MHU,20.0,6,4,2,0.667,26.54,6.33,15.0,0.422,2.33,6.33,0.368,4.67,6.33,0.738,1.67,5.33,7.0,3.0,2.67,1.0,1.0,1.33,2.0,4.33,20.67,-2.67
49,1631209,Isaiah Wong,Isaiah,1612709922,GBO,24.0,14,7,7,0.5,32.33,7.07,15.57,0.454,1.86,4.79,0.388,2.93,3.64,0.805,1.36,3.0,4.36,3.79,2.57,1.5,0.29,1.5,1.36,4.5,20.64,1.0
50,1627740,Henry Ellenson,Henry,1612709927,WIS,28.0,36,14,22,0.389,32.34,7.42,14.47,0.513,1.89,4.11,0.46,2.22,2.58,0.86,3.36,5.72,9.08,2.31,1.81,0.53,0.47,0.81,2.61,3.89,20.56,-1.61
51,1630310,Craig Randall II,Craig,1612709933,RCR,28.0,22,12,10,0.545,30.68,7.55,18.55,0.407,4.64,12.91,0.359,0.36,0.82,0.439,0.55,2.73,3.27,4.09,2.45,1.45,0.27,0.45,1.64,1.0,20.36,0.73
52,1631466,Nate Williams,Nate,1612709908,RGV,26.0,17,8,9,0.471,30.69,7.76,14.82,0.524,1.94,5.24,0.37,1.71,2.06,0.83,1.24,2.88,4.12,3.12,2.12,1.76,0.82,0.71,2.71,2.65,20.18,2.47
53,1641775,Jordan Walsh,Jordan,1612709915,MNE,21.0,2,0,2,0.0,29.3,8.0,11.0,0.727,3.0,6.0,0.5,1.0,1.0,1.0,1.0,3.0,4.0,1.0,1.0,2.0,1.0,0.0,5.0,4.0,20.0,19.0
54,1641716,Jarace Walker,Jarace,1612709910,IMA,21.0,2,2,0,1.0,42.13,8.0,15.0,0.533,2.0,5.0,0.4,1.0,3.0,0.333,2.0,10.0,12.0,10.0,6.0,5.0,2.0,0.0,2.0,6.0,20.0,8.0
55,1630551,Justin Champagnie,Justin,1612709928,CCG,23.0,16,12,4,0.75,36.52,7.0,14.38,0.487,1.75,4.88,0.359,3.0,4.0,0.75,3.62,5.0,8.62,2.75,4.5,1.12,2.38,1.88,3.12,4.12,20.0,6.12
56,1631230,Dominick Barlow,Dominick,1612709929,CPS,21.0,18,8,10,0.444,32.48,7.72,13.44,0.574,0.61,2.56,0.238,2.39,3.28,0.729,2.89,5.5,8.39,1.83,1.67,0.78,1.28,0.5,1.94,4.5,20.0,1.5
57,1641787,Tosan Evbuomwan,Tosan,1612709921,LIN,24.0,24,17,7,0.708,32.89,7.08,13.62,0.52,1.5,4.08,0.368,2.62,3.5,0.749,1.96,5.17,7.12,2.12,1.67,0.83,0.62,1.38,2.54,4.17,19.83,6.96
58,1641789,Jazian Gortman,Jazian,1612709918,TEX,21.0,24,8,16,0.333,35.53,8.08,18.54,0.436,1.42,5.21,0.273,1.46,1.88,0.777,0.54,3.29,3.83,7.0,4.79,1.5,0.33,1.04,3.12,2.58,19.83,-5.92
59,1631221,Collin Gillespie,Collin,1612709934,VAL,25.0,11,7,4,0.636,30.61,6.55,14.91,0.439,2.0,6.64,0.301,2.82,3.18,0.887,1.55,5.27,6.82,10.0,2.91,1.73,0.18,0.82,1.09,3.55,19.73,5.0
60,1631241,Javon Freeman-Liberty,Javon,1612709923,WCB,25.0,12,5,7,0.417,33.41,7.17,16.33,0.439,2.17,7.0,0.31,2.33,3.58,0.651,1.33,5.17,6.5,2.83,1.25,0.75,0.17,0.92,1.58,3.75,19.58,-3.75
61,1642265,Rob Dillingham,Rob,1612709911,IWA,20.0,4,2,2,0.5,28.04,7.5,23.5,0.319,0.5,6.0,0.083,3.0,3.5,0.857,1.0,5.5,6.5,6.0,6.0,2.0,0.0,2.0,1.5,3.5,19.5,3.5
62,1642354,KJ Simpson,KJ,1612709922,GBO,22.0,17,11,6,0.647,35.59,6.71,14.71,0.456,2.35,6.12,0.384,2.47,3.06,0.807,1.0,4.76,5.76,4.47,3.06,1.71,0.59,0.82,2.53,4.94,19.47,3.76
63,1631248,Baylor Scheierman,Baylor,1612709915,MNE,24.0,25,15,10,0.6,34.26,6.2,14.76,0.42,3.68,9.76,0.377,2.12,2.56,0.828,1.6,4.76,6.36,4.28,2.28,1.24,0.28,0.24,1.88,3.16,19.44,-0.08
64,1631211,Trevor Keels,Trevor,1612709911,IWA,21.0,37,14,23,0.378,37.25,7.46,17.27,0.432,2.7,7.65,0.353,1.22,1.57,0.777,0.62,2.81,3.43,4.03,2.7,0.95,0.05,1.14,1.84,2.19,19.41,-2.81
65,1631262,Jules Bernard,Jules,1612709893,CLC,25.0,20,9,11,0.45,32.18,6.85,15.3,0.448,1.9,6.35,0.299,2.3,2.7,0.852,1.2,5.9,7.1,3.45,2.65,0.85,0.25,1.2,1.4,3.65,19.4,-0.25
66,1630284,Kevon Harris,Kevon,1612709929,CPS,27.0,37,21,16,0.568,30.92,6.35,14.14,0.449,2.51,5.89,0.426,2.51,3.14,0.799,1.35,5.41,6.76,3.81,2.65,1.3,0.51,1.0,2.84,3.86,19.3,0.86
67,1641715,Cam Whitmore,Cam,1612709908,RGV,20.0,22,12,10,0.545,28.76,7.36,14.64,0.503,3.36,8.27,0.406,0.64,0.91,0.703,1.45,4.09,5.55,2.64,2.64,0.73,0.45,0.64,1.0,1.64,19.27,3.82
68,1642434,Riley Minix,Riley,1612709890,AUS,24.0,19,11,8,0.579,31.56,6.95,13.26,0.524,3.05,7.37,0.414,1.53,1.79,0.855,1.63,4.95,6.58,2.11,1.21,1.16,1.21,0.79,2.47,2.05,19.26,7.89
69,1641790,PJ Hall,PJ,1612709917,GRG,23.0,19,11,8,0.579,32.37,7.05,15.53,0.454,1.47,4.53,0.325,2.05,2.68,0.765,3.32,8.47,11.79,1.84,2.05,0.58,1.0,1.21,3.32,3.63,19.21,-0.53
70,1642484,RayJ Dennis,RayJ,1612709910,IMA,23.0,31,20,11,0.645,35.1,7.39,15.48,0.477,2.45,7.0,0.35,1.26,1.58,0.797,0.58,3.87,4.45,7.55,3.29,1.65,0.68,0.84,2.35,2.0,19.13,4.0
71,1641736,Reece Beekman,Reece,1612709921,LIN,23.0,10,6,4,0.6,31.62,7.8,14.9,0.523,1.5,3.9,0.385,1.3,2.1,0.619,1.3,3.6,4.9,7.7,2.3,3.0,0.8,0.9,1.7,2.9,19.1,4.4
72,1630569,DJ Steward,DJ,1612709926,MHU,23.0,35,17,18,0.486,32.75,6.89,15.11,0.456,1.91,5.29,0.361,2.2,2.57,0.856,1.29,3.4,4.69,6.09,2.63,1.09,0.37,0.94,1.86,2.83,19.09,1.4
73,1631214,Alondes Williams,Alondes,1612709904,SXF,25.0,36,14,22,0.389,33.33,6.92,14.31,0.484,1.72,5.22,0.33,2.39,3.0,0.797,0.67,3.36,4.03,5.0,3.61,1.53,0.53,1.0,3.0,3.47,19.08,-0.25
74,1630186,Jahmi'us Ramsey,Jahmi'us,1612709889,OKL,23.0,24,14,10,0.583,27.77,6.83,14.08,0.485,2.08,5.88,0.354,1.83,2.62,0.698,0.58,4.21,4.79,3.08,2.88,1.38,0.12,0.92,1.17,3.71,18.92,-1.04
75,1631123,Jamaree Bouyea,Jamaree,1612709927,WIS,25.0,28,22,6,0.786,34.11,7.14,14.25,0.501,2.04,5.93,0.344,1.43,1.75,0.817,0.64,3.32,3.96,4.21,1.79,1.89,1.14,0.64,1.32,2.68,18.86,9.32
76,1642366,Quinten Post,Quinten,1612709902,SCW,24.0,17,9,8,0.529,27.64,6.94,13.53,0.513,2.12,6.24,0.34,1.59,2.06,0.772,2.59,7.0,9.59,2.35,1.94,0.88,1.18,0.47,3.71,2.76,18.82,-1.88
77,1631301,Jaylen Sims,Jaylen,1612709922,GBO,26.0,40,26,14,0.65,32.66,5.55,12.95,0.429,1.95,5.52,0.353,3.58,4.25,0.842,0.85,4.53,5.38,2.52,1.52,0.9,0.25,1.02,2.05,4.95,18.7,2.0
78,1642357,David Jones Garcia,David,1612709931,MXC,23.0,36,17,19,0.472,26.7,6.75,14.31,0.472,1.75,5.06,0.346,2.03,2.36,0.86,1.44,4.81,6.25,3.03,2.64,1.33,0.69,1.08,2.06,2.69,18.61,0.42
79,1631247,Luke Travers,Luke,1612709893,CLC,23.0,12,5,7,0.417,34.87,7.08,12.75,0.555,1.0,3.08,0.325,1.92,2.67,0.719,1.92,7.5,9.42,6.75,3.67,1.75,1.0,0.92,1.08,3.42,18.58,0.17
80,1642276,Kel'el Ware,Kel'el,1612709904,SXF,20.0,4,2,2,0.5,29.56,8.0,14.5,0.552,1.5,4.5,0.333,1.0,1.5,0.667,2.5,7.5,10.0,2.5,1.0,2.0,3.5,2.0,4.0,2.5,18.5,4.5
81,1642278,Tyler Kolek,Tyler,1612709919,WES,23.0,8,7,1,0.875,33.35,6.12,15.5,0.395,2.0,6.25,0.32,2.75,3.0,0.917,0.62,4.38,5.0,8.88,3.75,1.62,0.62,0.88,2.88,4.5,18.5,7.0
82,1642348,Justin Edwards,Justin,1612709909,DEL,21.0,17,9,8,0.529,32.49,7.0,14.76,0.474,2.65,6.94,0.382,1.29,1.47,0.878,1.06,2.24,3.29,1.88,2.24,1.35,0.41,1.12,2.0,1.71,18.47,-1.24
83,1642450,Daniss Jenkins,Daniss,1612709932,MCC,23.0,37,19,18,0.514,35.33,7.08,15.89,0.446,2.38,6.57,0.362,1.32,1.7,0.776,0.68,2.54,3.22,5.68,2.65,1.24,0.51,0.81,2.05,2.27,18.46,4.51
84,1629647,Darius Bazley,Darius,1612709909,DEL,24.0,22,12,10,0.545,30.81,6.36,12.82,0.496,1.64,4.45,0.369,2.45,3.64,0.673,2.27,7.36,9.64,1.82,2.45,1.55,1.45,0.45,1.36,4.36,18.45,3.18
85,1641758,Judah Mintz,Judah,1612709909,DEL,21.0,40,18,22,0.45,31.7,5.6,12.82,0.437,0.75,2.68,0.28,3.85,4.75,0.811,0.82,2.4,3.22,4.95,2.2,1.48,0.2,0.98,2.78,6.48,18.4,-2.7
86,1642281,Jaylon Tyson,Jaylon,1612709893,CLC,22.0,8,3,5,0.375,34.14,6.62,13.62,0.486,2.25,5.25,0.429,1.62,2.62,0.618,2.5,5.75,8.25,5.25,3.75,1.38,0.5,1.0,3.12,3.25,18.38,1.75
87,1628964,Mo Bamba,Mo,1612709913,BHM,26.0,4,2,2,0.5,28.57,7.0,13.75,0.509,1.75,4.75,0.368,1.25,2.0,0.625,2.5,10.5,13.0,0.25,2.25,0.25,1.25,1.0,2.25,3.5,18.25,1.75
88,1626143,Jahlil Okafor,Jahlil,1612709910,IMA,29.0,35,19,16,0.543,30.23,7.4,11.29,0.655,0.23,0.89,0.258,1.86,2.26,0.823,2.8,6.17,8.97,3.11,2.34,0.17,0.37,0.57,2.14,3.57,18.14,1.83
89,1626169,Stanley Johnson,Stanley,1612709905,SBL,28.0,14,6,8,0.429,34.4,7.29,17.29,0.422,2.14,7.0,0.306,0.86,1.43,0.601,1.0,5.86,6.86,4.71,2.86,0.86,0.43,0.86,2.14,2.29,18.14,-2.14
90,1631172,Ousmane Dieng,Ousmane,1612709889,OKL,21.0,8,3,5,0.375,29.82,6.0,13.5,0.444,1.88,5.25,0.358,2.62,3.25,0.806,1.25,4.12,5.38,5.75,3.62,0.25,1.25,1.12,1.88,3.5,18.12,-1.62
91,1641753,Chris Livingston,Chris,1612709927,WIS,21.0,18,3,15,0.167,29.47,6.33,13.06,0.485,1.22,4.06,0.3,2.67,3.22,0.829,1.89,6.22,8.11,2.0,2.56,1.06,0.5,1.44,2.22,3.72,18.11,-8.11
92,1631166,Drew Timme,Drew,1612709921,LIN,24.0,36,20,16,0.556,28.75,7.11,13.28,0.535,0.5,1.92,0.26,2.0,2.83,0.707,2.97,5.69,8.67,3.58,2.0,0.53,0.61,0.92,2.19,3.75,18.08,1.86
93,1630622,Jalen Crutcher,Jalen,1612709913,BHM,25.0,37,12,25,0.324,36.66,6.7,14.95,0.448,3.11,8.3,0.375,1.16,1.24,0.935,0.46,2.86,3.32,6.92,2.95,0.81,0.3,0.7,1.57,1.92,18.03,-2.7
94,1630679,Ethan Thompson,Ethan,1612709925,OSC,25.0,36,16,20,0.444,33.52,5.67,13.39,0.423,3.22,8.14,0.396,2.03,2.39,0.849,1.11,3.72,4.83,3.06,1.53,1.25,0.58,0.64,2.58,3.22,18.03,0.83
95,1642402,Enrique Freeman,Enrique,1612709910,IMA,24.0,11,8,3,0.727,33.34,7.73,13.73,0.563,1.18,3.27,0.361,0.82,2.18,0.376,3.18,6.0,9.18,3.18,2.09,1.0,1.45,0.82,2.73,2.91,18.0,5.91
96,1641763,Julian Phillips,Julian,1612709923,WCB,21.0,2,0,2,0.0,30.27,6.0,18.0,0.333,1.0,5.0,0.2,3.0,3.0,1.0,3.0,9.0,12.0,0.0,0.0,0.0,0.0,2.0,4.0,4.0,18.0,-7.0
97,1630227,Daishen Nix,Daishen,1612709908,RGV,23.0,24,16,8,0.667,33.35,5.42,14.08,0.385,1.88,6.58,0.286,3.08,4.0,0.77,1.0,4.04,5.04,7.5,4.0,2.38,0.71,0.83,2.71,5.21,18.0,1.0
98,1630647,Eugene Omoruyi,Eugene,1612709920,RAP,28.0,31,14,17,0.452,27.18,6.74,12.52,0.538,1.29,3.61,0.357,1.74,2.81,0.619,2.32,3.81,6.13,2.71,3.06,0.9,0.52,1.1,2.71,3.94,17.94,-2.32
99,1629617,Reggie Perry,Reggie,1612709922,GBO,24.0,36,24,12,0.667,28.8,7.0,13.81,0.507,1.06,3.0,0.353,1.81,2.28,0.794,2.33,7.06,9.39,2.33,1.97,0.78,0.69,0.78,2.92,2.94,17.89,3.5
100,1642352,Keshad Johnson,Keshad,1612709904,SXF,23.0,26,16,10,0.615,35.62,6.65,12.69,0.524,1.15,3.58,0.321,1.96,2.77,0.708,2.69,5.65,8.35,2.5,1.81,1.38,1.27,1.35,1.88,3.54,17.85,6.27
101,1631495,Donovan Williams,Donovan,1612709919,WES,23.0,35,24,11,0.686,30.32,6.4,13.77,0.465,2.26,5.91,0.382,1.74,2.34,0.744,1.11,3.63,4.74,2.0,2.2,0.63,0.29,1.31,3.06,3.23,17.8,2.89
102,1630205,Lamar Stevens,Lamar,1612709932,MCC,27.0,29,17,12,0.586,34.0,6.31,14.41,0.438,1.52,4.62,0.329,2.1,2.83,0.742,1.59,6.1,7.69,2.76,2.45,1.07,1.45,1.45,2.72,3.03,17.76,3.24
103,203504,Trey Burke,Trey,1612709931,MXC,32.0,19,12,7,0.632,30.58,6.21,14.21,0.437,2.32,6.37,0.364,1.79,2.16,0.829,0.47,2.26,2.74,5.21,1.58,1.0,0.05,0.63,0.89,2.53,17.74,2.0
104,1631255,Karlo Matković,Karlo,1612709913,BHM,23.0,10,3,7,0.3,30.26,7.0,12.0,0.583,1.3,3.3,0.394,1.3,2.0,0.65,2.4,7.5,9.9,3.1,2.3,0.4,1.8,0.6,2.8,2.9,17.7,-0.7
105,1641721,Maxwell Lewis,Maxwell,1612709905,SBL,22.0,10,4,6,0.4,33.47,6.5,16.3,0.399,2.4,7.1,0.338,1.4,1.7,0.824,1.0,6.0,7.0,2.5,2.4,1.3,0.9,1.8,2.7,2.1,17.7,0.7
106,1630658,Colin Castleton,Colin,1612709920,RAP,24.0,27,14,13,0.519,30.67,6.78,12.7,0.534,0.3,1.0,0.3,2.37,3.15,0.752,4.11,5.63,9.74,2.85,2.78,0.93,1.3,0.89,2.26,4.33,17.67,1.81
107,1642355,Bronny James,Bronny,1612709905,SBL,20.0,14,6,8,0.429,30.43,6.64,16.36,0.406,2.21,6.71,0.329,1.36,1.86,0.731,0.93,3.5,4.43,4.5,3.0,1.57,0.5,1.21,2.21,2.93,17.64,-1.0
108,1641803,Tristen Newton,Tristen,1612709911,IWA,23.0,25,8,17,0.32,35.82,5.64,13.48,0.418,2.4,6.52,0.368,2.28,2.92,0.781,1.56,4.92,6.48,6.8,3.76,1.68,0.36,1.04,2.32,3.96,17.56,-2.92
109,1641732,Colby Jones,Colby,1612709928,CCG,22.0,20,12,8,0.6,32.93,6.9,14.95,0.462,2.4,6.1,0.393,0.8,1.6,0.5,0.75,4.55,5.3,3.2,2.45,1.85,0.85,1.0,2.1,2.7,17.55,3.15
110,1630649,Stanley Umude,Stanley,1612709927,WIS,25.0,9,1,8,0.111,27.3,6.0,14.0,0.429,2.22,6.33,0.351,1.78,2.33,0.764,1.22,3.78,5.0,2.44,2.67,0.78,0.78,0.78,1.44,2.89,17.33,-7.44
111,1630561,David Duke Jr.,David,1612709890,AUS,25.0,35,24,11,0.686,32.39,5.74,14.0,0.41,1.83,6.11,0.3,2.37,3.4,0.697,1.34,4.4,5.74,4.2,2.51,1.57,0.46,1.0,2.97,4.51,17.31,6.23
112,1629751,Dakota Mathias,Dakota,1612709910,IMA,29.0,38,19,19,0.5,36.69,5.74,13.18,0.436,3.03,7.82,0.387,1.58,1.66,0.952,0.58,4.24,4.82,3.24,1.45,1.24,0.45,0.26,2.13,2.11,17.21,-1.21
113,1631197,Jared Rhoden,Jared,1612709920,RAP,25.0,24,13,11,0.542,30.25,6.88,13.92,0.494,1.88,5.12,0.367,1.04,1.79,0.581,1.08,5.46,6.54,3.38,1.79,1.17,0.54,0.79,2.67,1.83,17.17,-1.58
114,1641712,Rayan Rupert,Rayan,1612709933,RCR,20.0,12,4,8,0.333,35.24,7.0,14.5,0.483,0.5,3.17,0.158,1.5,2.17,0.691,0.67,5.0,5.67,4.33,3.67,0.5,1.0,1.83,2.33,2.83,17.17,-9.83
115,1641936,Miles Norris,Miles,1612709915,MNE,24.0,36,17,19,0.472,30.62,6.14,13.19,0.466,3.31,8.58,0.386,0.83,1.08,0.769,1.53,3.94,5.47,1.47,1.06,1.06,0.58,0.33,2.14,1.28,17.11,2.67
116,1642262,Cody Williams,Cody,1612709903,SLC,20.0,11,5,6,0.455,30.53,5.73,15.64,0.366,1.45,5.27,0.275,2.36,3.45,0.684,1.27,2.55,3.82,2.45,2.09,1.45,0.82,1.09,3.18,3.36,17.09,-0.82
117,1642449,Tolu Smith,Tolu,1612709932,MCC,24.0,23,12,11,0.522,29.22,6.96,10.96,0.635,0.0,0.04,0.0,1.87,3.0,0.623,4.78,7.91,12.7,2.3,2.52,0.78,0.83,0.96,3.35,4.0,17.09,3.61
118,1630929,Henri Drell,Henri,1612709933,RCR,24.0,36,15,21,0.417,33.38,6.39,14.0,0.456,1.94,6.11,0.318,1.33,1.97,0.675,1.81,5.86,7.67,3.22,2.5,0.89,0.44,1.47,3.08,2.89,17.08,-0.89
119,1641734,Emoni Bates,Emoni,1612709893,CLC,21.0,18,6,12,0.333,30.89,5.89,15.78,0.373,3.28,9.56,0.343,1.22,1.72,0.709,0.61,4.83,5.44,1.89,2.72,0.39,0.39,0.72,2.17,1.78,17.06,-4.94
120,1631455,Jaden Shackelford,Jaden,1612709934,VAL,24.0,42,25,17,0.595,30.01,5.64,14.02,0.402,3.29,9.26,0.355,1.55,1.95,0.795,0.33,3.0,3.33,2.79,1.55,1.05,0.14,0.5,1.98,3.12,17.05,1.12
121,1631115,Orlando Robinson,Orlando,1612709914,STO,24.0,4,4,0,1.0,29.24,6.25,13.25,0.472,0.75,4.25,0.176,2.75,4.0,0.688,2.75,5.0,7.75,2.5,1.75,0.5,1.75,1.0,3.5,5.0,17.0,7.5
122,1641809,Drew Peterson,Drew,1612709915,MNE,25.0,20,13,7,0.65,33.28,5.65,12.9,0.438,3.2,8.3,0.386,1.55,1.75,0.886,1.25,4.95,6.2,4.5,2.75,1.4,0.2,0.4,1.5,2.0,17.0,1.8
123,1630623,Tyson Etienne,Tyson,1612709921,LIN,25.0,41,14,27,0.341,34.18,5.78,12.46,0.464,2.85,6.8,0.419,1.71,2.17,0.788,0.63,2.56,3.2,3.66,1.54,1.29,0.22,0.83,3.66,2.66,16.98,-3.39
124,1630612,Ruben Nembhard Jr.,Ruben,1612709928,CCG,25.0,33,23,10,0.697,32.38,5.91,11.27,0.524,1.0,2.48,0.403,2.55,3.03,0.842,0.88,5.09,5.97,6.27,3.3,0.79,0.21,1.12,2.03,4.3,16.97,4.06
125,1641801,Emanuel Miller,Emanuel,1612709923,WCB,24.0,36,11,25,0.306,36.07,6.31,13.58,0.465,1.44,4.44,0.324,1.81,2.36,0.767,1.89,5.81,7.69,2.17,2.0,1.28,1.14,0.86,1.97,2.69,16.89,-4.08
126,1642353,Cam Christie,Cam,1612709924,SDC,19.0,33,19,14,0.576,31.53,5.88,14.33,0.41,2.27,7.48,0.303,1.79,2.15,0.833,0.52,3.73,4.24,2.21,1.39,1.09,0.33,0.82,1.39,2.52,16.88,1.33
127,1629642,Nassir Little,Nassir,1612709904,SXF,25.0,40,22,18,0.55,34.16,6.18,12.55,0.492,1.68,4.92,0.341,1.72,2.12,0.811,1.08,5.15,6.22,2.52,2.05,0.98,1.1,1.0,2.7,2.8,16.88,2.25
128,1629643,Chuma Okeke,Chuma,1612709919,WES,26.0,40,26,14,0.65,36.93,6.02,13.42,0.449,2.65,7.38,0.359,1.32,1.88,0.702,2.0,6.38,8.38,4.7,1.78,1.55,1.45,0.72,1.52,2.2,16.88,5.58
129,1631232,Keion Brooks Jr.,Keion,1612709913,BHM,24.0,39,15,24,0.385,34.7,6.23,14.26,0.437,2.21,6.69,0.33,1.31,1.79,0.732,1.21,5.28,6.49,2.33,2.33,1.1,1.08,0.85,2.33,2.41,16.87,-5.08
130,1642266,Ja'Kobe Walter,Ja'Kobe,1612709920,RAP,20.0,6,4,2,0.667,26.02,5.67,12.0,0.472,2.5,5.5,0.455,1.83,2.67,0.685,1.33,3.0,4.33,2.67,1.67,1.0,0.17,0.67,1.5,2.17,16.83,4.33
131,1642382,Branden Carlson,Branden,1612709889,OKL,25.0,11,5,6,0.455,28.83,6.27,12.27,0.511,2.36,6.18,0.382,0.91,1.27,0.717,1.73,6.55,8.27,2.27,1.73,0.55,2.18,1.0,1.55,2.45,16.82,-3.36
132,1630762,Phillip Wheeler,Phillip,1612709918,TEX,22.0,32,12,20,0.375,29.81,6.56,13.41,0.489,1.31,3.62,0.362,1.47,2.47,0.595,1.75,3.91,5.66,1.34,2.09,1.06,0.69,1.34,2.53,3.0,16.81,-2.53
133,1642280,Trentyn Flowers,Trentyn,1612709924,SDC,20.0,32,16,16,0.5,29.82,5.59,12.0,0.466,1.56,3.91,0.399,2.31,3.12,0.74,1.12,3.59,4.72,1.78,1.78,0.47,0.41,1.06,2.03,4.06,16.81,-2.41
134,1630165,Killian Hayes,Killian,1612709921,LIN,23.0,28,9,19,0.321,33.85,6.75,14.46,0.467,1.68,4.79,0.351,0.96,1.39,0.691,0.79,4.61,5.39,7.68,3.18,2.25,0.54,0.68,2.82,2.5,16.75,-1.86
135,1631217,Moussa Diabaté,Moussa,1612709922,GBO,23.0,6,6,0,1.0,35.28,6.33,9.33,0.678,0.0,0.0,,2.0,3.0,0.667,5.33,9.33,14.67,1.67,3.0,1.67,1.0,0.67,3.33,4.0,16.67,12.67
136,1629650,Moses Brown,Moses,1612709919,WES,25.0,28,19,9,0.679,30.02,7.21,11.79,0.612,0.0,0.0,,1.32,3.0,0.44,6.07,8.75,14.82,0.86,2.18,0.96,1.46,1.0,2.64,4.79,16.64,3.36
137,1630311,Pat Spencer,Pat,1612709902,SCW,28.0,5,2,3,0.4,31.45,6.2,15.4,0.403,2.2,5.4,0.407,1.4,1.4,1.0,0.6,6.2,6.8,6.6,1.8,2.0,0.0,1.0,1.2,1.8,16.6,-2.0
138,1641766,Adama Sanogo,Adama,1612709923,WCB,23.0,22,7,15,0.318,28.12,6.59,11.82,0.558,0.32,0.91,0.352,2.0,2.59,0.772,4.91,5.95,10.86,1.41,2.09,0.77,1.41,1.14,3.23,3.41,16.59,0.18
139,1630811,Keaton Wallace,Keaton,1612709929,CPS,26.0,19,12,7,0.632,33.71,6.16,13.79,0.447,2.89,7.68,0.376,0.89,1.32,0.674,0.53,4.79,5.32,6.53,2.74,1.79,0.47,0.37,2.05,2.0,16.58,4.0
140,1642439,Quincy Olivari,Quincy,1612709905,SBL,23.0,30,12,18,0.4,32.2,5.0,12.73,0.393,2.87,8.0,0.359,2.2,2.93,0.751,0.5,3.77,4.27,4.3,2.33,0.87,0.07,0.57,2.97,3.8,16.53,-2.47
141,1641907,Erik Stevenson,Erik,1612709928,CCG,25.0,37,23,14,0.622,23.34,5.27,12.11,0.435,2.41,6.24,0.386,2.16,2.35,0.919,0.73,3.24,3.97,3.38,2.62,0.92,0.32,0.62,2.68,3.08,16.43,2.89
142,1631321,Sidy Cissoko,Sidy,1612709933,RCR,20.0,16,9,7,0.562,29.64,5.69,11.56,0.492,1.38,4.69,0.294,2.12,3.56,0.596,1.62,2.38,4.0,3.69,2.12,1.31,0.38,0.88,2.25,5.0,16.38,8.94
143,1642024,Alex Reese,Alex,1612709909,DEL,25.0,30,13,17,0.433,27.34,6.07,13.27,0.457,3.43,8.6,0.399,0.53,0.63,0.841,2.17,4.8,6.97,1.43,1.4,1.2,1.83,0.53,2.03,1.67,16.33,-1.7
144,1631451,Javonte Cooke,Javonte,1612709889,OKL,25.0,32,18,14,0.562,27.58,5.88,14.31,0.411,1.84,6.0,0.307,1.53,2.22,0.689,1.12,3.84,4.97,2.75,2.5,1.06,0.28,1.28,1.97,3.06,16.22,4.56
145,1629308,Juan Toscano-Anderson,Juan,1612709931,MXC,31.0,40,20,20,0.5,34.76,5.4,12.78,0.423,1.9,5.98,0.318,2.33,2.78,0.838,1.0,6.32,7.32,3.62,3.05,1.78,0.92,0.57,2.75,3.42,16.15,-1.88
146,1631112,Kendall Brown,Kendall,1612709921,LIN,21.0,37,13,24,0.351,33.92,6.46,11.43,0.565,0.97,2.43,0.399,1.38,1.84,0.75,1.16,4.16,5.32,2.89,2.14,1.11,0.62,1.14,2.92,2.22,16.14,0.08
147,1630654,Armando Bacot,Armando,1612709926,MHU,25.0,40,18,22,0.45,30.87,5.72,12.42,0.461,1.55,4.58,0.338,1.82,2.45,0.743,2.55,7.02,9.57,2.6,2.48,1.18,0.9,0.8,3.15,3.05,16.12,0.42
148,1641806,Markquis Nowell,Markquis,1612709908,RGV,25.0,39,21,18,0.538,32.0,5.46,13.59,0.402,2.95,7.95,0.371,1.49,1.9,0.784,0.62,2.44,3.05,8.67,3.74,2.08,0.72,1.0,2.49,2.64,16.1,2.69
149,1642345,Oso Ighodaro,Oso,1612709934,VAL,22.0,6,6,0,1.0,26.18,7.33,9.33,0.786,0.0,0.0,,0.67,1.67,0.401,2.0,11.33,13.33,3.33,3.0,0.33,0.33,0.0,2.33,2.33,16.0,13.33
150,1629098,Jack McVeigh,Jack,1612709908,RGV,28.0,27,15,12,0.556,31.31,5.67,12.85,0.441,3.19,8.41,0.379,0.89,1.04,0.856,1.04,3.67,4.7,1.67,1.37,0.52,0.44,0.33,1.89,1.44,15.93,1.19
151,1630627,Isaiah Miller,Isaiah,1612709890,AUS,27.0,30,19,11,0.633,29.7,6.57,13.6,0.483,1.13,3.5,0.323,1.03,2.03,0.507,2.4,4.13,6.53,2.73,1.7,2.33,0.53,1.07,2.3,2.37,15.93,8.1
152,1631167,Izaiah Brockington,Izaiah,1612709924,SDC,25.0,38,13,25,0.342,33.67,6.05,13.29,0.455,2.53,6.58,0.384,0.76,1.05,0.724,0.45,4.68,5.13,2.45,1.24,0.68,0.21,0.68,1.53,1.63,15.92,-1.92
153,1631199,Ron Harper Jr.,Ron,1612709932,MCC,24.0,28,16,12,0.571,28.83,5.46,11.71,0.466,3.25,7.93,0.41,0.96,1.21,0.793,0.75,3.07,3.82,2.14,1.36,0.82,0.61,0.36,1.96,2.04,15.86,-0.61
154,1631116,Patrick Baldwin Jr.,Patrick,1612709924,SDC,22.0,28,22,6,0.786,29.63,6.21,13.21,0.47,2.36,6.93,0.341,0.71,1.14,0.623,1.5,5.07,6.57,1.57,1.43,0.79,1.71,0.93,3.0,1.14,15.86,3.64
155,1641772,Nae'Qwan Tomlin,Nae'Qwan,1612709893,CLC,24.0,38,16,22,0.421,28.52,6.29,11.47,0.548,1.5,4.18,0.359,1.03,1.66,0.62,3.13,3.74,6.87,1.84,1.66,0.74,1.5,0.55,2.63,2.32,15.74,0.11
156,1631216,Caleb Houstan,Caleb,1612709925,OSC,22.0,6,4,2,0.667,33.4,5.33,14.0,0.381,3.67,11.67,0.314,0.67,1.0,0.67,0.67,5.0,5.67,2.67,2.0,1.0,0.67,0.67,2.0,0.67,15.67,15.0
157,1631131,Oscar Tshiebwe,Oscar,1612709903,SLC,25.0,34,22,12,0.647,29.89,5.91,10.29,0.574,0.0,0.09,0.0,2.24,3.06,0.732,7.12,10.56,17.68,2.71,2.44,1.68,1.09,0.88,3.35,3.85,15.65,4.71
158,1641749,Keyontae Johnson,Keyontae,1612709922,GBO,24.0,37,23,14,0.622,29.44,6.11,12.57,0.486,1.03,2.95,0.349,1.41,2.0,0.705,1.38,2.7,4.08,2.19,2.46,0.78,0.24,1.11,2.03,2.59,15.57,-0.51
159,1630624,Feron Hunt,Feron,1612709893,CLC,25.0,41,17,24,0.415,29.89,6.17,11.59,0.532,0.59,2.12,0.278,1.51,2.0,0.755,2.68,5.07,7.76,2.12,1.71,0.98,1.2,0.95,2.22,2.76,15.56,-0.22
160,1630346,Matt Ryan,Matt,1612709919,WES,27.0,4,4,0,1.0,29.49,4.5,10.0,0.45,3.0,8.0,0.375,2.5,2.5,1.0,0.0,4.5,4.5,1.0,1.5,0.5,0.0,0.0,1.5,2.5,15.5,2.0
161,1631250,Pete Nance,Pete,1612709927,WIS,25.0,18,9,9,0.5,33.14,5.56,11.61,0.479,2.33,6.17,0.378,1.11,1.61,0.689,1.44,5.5,6.94,3.17,1.72,0.89,1.5,0.56,3.0,2.67,15.5,5.5
162,1641854,Craig Porter Jr.,Craig,1612709893,CLC,25.0,8,6,2,0.75,31.88,6.25,13.5,0.463,1.62,5.5,0.295,1.12,1.38,0.812,1.5,3.25,4.75,6.88,3.25,2.38,0.62,0.62,0.75,2.0,15.5,4.38
163,1641737,Adem Bona,Adem,1612709909,DEL,21.0,4,2,2,0.5,29.29,6.0,8.0,0.75,0.0,0.5,0.0,2.0,3.0,0.667,3.0,5.0,8.0,3.0,3.0,2.5,2.0,0.5,2.5,5.0,15.5,-1.0
164,1630604,E.J. Liddell,E.J.,1612709923,WCB,24.0,30,11,19,0.367,31.9,5.43,10.83,0.501,2.1,5.0,0.42,1.43,2.17,0.659,2.0,4.2,6.2,2.03,1.9,0.73,2.47,0.6,3.47,3.37,15.47,-0.37
165,1630525,David Johnson,David,1612709926,MHU,24.0,20,11,9,0.55,22.75,5.3,11.45,0.463,2.95,7.2,0.41,1.1,1.4,0.786,1.2,2.25,3.45,2.8,2.15,0.55,0.4,0.55,2.45,2.05,15.45,-1.15
166,1641779,Jalen Bridges,Jalen,1612709934,VAL,23.0,33,20,13,0.606,32.63,5.48,13.15,0.417,2.91,7.48,0.389,0.91,1.09,0.835,1.64,3.97,5.61,1.36,1.12,1.24,0.76,0.94,2.15,1.58,15.39,0.33
167,1642013,Malik Williams,Malik,1612709904,SXF,26.0,37,19,18,0.514,27.32,5.68,12.35,0.46,2.03,5.0,0.406,1.16,1.73,0.671,3.11,6.41,9.51,1.62,1.3,1.22,1.3,0.89,2.14,2.62,15.38,4.89
168,1642396,Blake Hinson,Blake,1612709902,SCW,25.0,39,19,20,0.487,26.4,5.38,13.08,0.411,2.87,8.59,0.334,1.0,1.56,0.641,1.18,3.51,4.69,1.15,1.38,0.49,0.23,0.64,2.28,1.87,15.36,-0.59
169,1630190,Elijah Hughes,Elijah,1612709893,CLC,26.0,38,15,23,0.395,27.55,5.21,13.0,0.401,2.97,8.63,0.344,1.24,1.53,0.81,0.29,3.34,3.63,1.68,2.0,0.84,0.39,0.45,1.68,2.34,15.34,0.82
170,1642480,Jarod Lucas,Jarod,1612709918,TEX,25.0,34,11,23,0.324,31.34,4.76,12.06,0.395,3.59,9.03,0.398,1.26,1.53,0.824,0.38,2.71,3.09,2.59,1.12,0.68,0.15,0.09,1.94,2.44,15.24,-3.76
171,1630667,Kyle Mangas,Kyle,1612709890,AUS,25.0,37,19,18,0.514,35.01,5.89,12.19,0.483,2.24,5.32,0.421,0.78,1.22,0.639,0.51,2.76,3.27,3.76,1.86,1.14,0.59,1.14,2.32,1.86,15.22,1.3
172,1630296,Braxton Key,Braxton,1612709902,SCW,28.0,39,21,18,0.538,31.79,6.03,12.23,0.493,0.59,2.51,0.235,1.41,2.08,0.678,2.59,6.23,8.82,4.21,2.33,2.44,1.15,1.1,2.9,3.03,15.21,4.26
173,1642050,Jackson Rowe,Jackson,1612709902,SCW,28.0,27,16,11,0.593,32.82,5.33,10.74,0.496,1.85,4.81,0.385,1.56,2.33,0.67,2.07,5.81,7.89,2.7,1.78,1.11,0.74,0.81,2.3,3.15,15.15,2.0
174,1631342,Daeqwon Plowden,Daeqwon,1612709929,CPS,26.0,34,19,15,0.559,32.04,4.88,12.12,0.403,2.41,7.18,0.336,1.71,1.88,0.91,1.24,2.97,4.21,1.56,1.79,1.12,0.79,0.5,2.5,2.65,15.09,2.44
175,1629600,Jarron Cumberland,Jarron,1612709909,DEL,27.0,32,14,18,0.438,27.77,4.81,10.5,0.458,2.16,5.12,0.422,2.06,2.53,0.814,0.97,3.28,4.25,4.09,1.88,1.12,0.75,0.72,2.12,2.88,15.03,1.19
176,1630678,Terry Taylor,Terry,1612709914,STO,25.0,39,26,13,0.667,33.43,5.72,13.03,0.439,1.64,4.41,0.372,1.05,1.56,0.673,2.41,6.08,8.49,3.56,1.77,0.72,0.92,0.49,1.51,1.95,15.03,0.92
177,1630695,Micah Potter,Micah,1612709903,SLC,26.0,13,11,2,0.846,27.7,4.77,10.62,0.449,2.23,6.0,0.372,1.92,2.31,0.831,2.0,5.62,7.62,2.15,2.54,1.0,1.15,0.77,2.23,2.85,15.0,2.54
178,1630219,Skylar Mays,Skylar,1612709911,IWA,27.0,20,4,16,0.2,34.75,5.2,13.5,0.385,2.3,6.9,0.333,1.5,1.8,0.833,0.9,3.3,4.2,5.3,1.9,1.9,0.4,1.0,1.6,2.1,15.0,-6.1
179,1642389,Zyon Pullin,Zyon,1612709926,MHU,24.0,34,21,13,0.618,28.73,5.32,10.47,0.508,0.91,2.62,0.347,2.03,2.68,0.757,0.79,3.85,4.65,4.5,1.56,1.18,0.26,0.94,1.74,3.71,14.97,0.29
180,1627746,Skal Labissiere,Skal,1612709914,STO,28.0,36,25,11,0.694,25.75,6.06,9.86,0.615,0.78,2.14,0.364,1.08,1.44,0.75,2.39,4.75,7.14,2.11,1.25,0.67,1.28,0.25,2.14,2.33,14.72,4.58
181,1641774,Tristan Vukcevic,Tristan,1612709928,CCG,21.0,7,5,2,0.714,20.05,4.71,10.86,0.434,2.0,5.14,0.389,1.57,2.14,0.734,0.86,3.71,4.57,1.86,2.0,0.29,1.57,0.43,2.14,3.43,14.71,-2.57
182,1641856,Tevian Jones,Tevian,1612709917,GRG,24.0,40,21,19,0.525,28.42,5.22,12.2,0.428,2.7,7.22,0.374,0.98,1.25,0.784,1.12,3.3,4.42,1.68,1.75,1.25,0.15,0.52,2.72,1.52,14.68,-0.3
183,1642422,Armel Traoré,Armel,1612709905,SBL,22.0,13,5,8,0.385,27.12,5.38,10.62,0.507,1.46,4.31,0.339,1.46,2.15,0.679,2.46,6.69,9.15,1.62,2.46,0.62,0.62,1.08,3.08,3.08,14.62,1.46
184,1641798,Jaylen Martin,Jaylen,1612709928,CCG,21.0,27,6,21,0.222,28.88,5.48,12.0,0.457,1.11,3.89,0.285,1.48,2.11,0.701,0.89,2.93,3.81,2.37,1.04,1.41,0.44,0.89,2.11,3.0,14.59,-3.41
185,1629663,Louis King,Louis,1612709931,MXC,25.0,28,16,12,0.571,35.3,5.36,11.36,0.472,2.14,6.36,0.336,1.0,1.21,0.826,0.64,4.64,5.29,2.93,3.14,1.79,0.86,0.57,1.57,1.57,14.5,-3.57
186,1631132,Christian Koloko,Christian,1612709905,SBL,24.0,12,8,4,0.667,29.63,5.5,10.17,0.541,0.42,2.33,0.18,1.83,2.5,0.732,3.08,5.08,8.17,1.75,1.67,0.58,3.25,0.33,3.5,3.5,14.5,5.58
187,1631231,James Akinjo,James,1612709927,WIS,24.0,36,14,22,0.389,33.73,5.25,13.44,0.391,1.69,4.81,0.351,1.36,1.58,0.861,0.58,2.97,3.56,8.03,2.36,1.64,0.22,1.11,2.58,2.61,14.42,-2.11
188,1641879,Yuri Collins,Yuri,1612709902,SCW,24.0,38,18,20,0.474,32.28,5.5,13.13,0.419,0.87,3.11,0.28,1.63,2.11,0.773,0.66,3.03,3.68,9.95,3.92,1.05,0.24,1.18,2.03,3.39,14.37,-0.97
189,204065,David Stockton,David,1612709934,VAL,33.0,36,22,14,0.611,27.13,4.81,10.89,0.442,2.31,5.72,0.404,1.47,1.75,0.84,0.61,1.94,2.56,6.08,2.14,1.25,0.11,0.83,2.72,3.28,14.36,-0.56
190,1630611,Gui Santos,Gui,1612709902,SCW,22.0,12,8,4,0.667,32.1,4.83,11.33,0.426,2.0,6.17,0.324,1.67,2.0,0.835,1.17,4.67,5.83,5.17,3.33,1.5,0.83,0.83,3.33,3.17,14.33,-0.17
191,1642488,Tyson Walker,Tyson,1612709918,TEX,24.0,25,10,15,0.4,31.7,5.28,13.28,0.398,2.0,5.8,0.345,1.24,1.64,0.756,0.68,2.0,2.68,5.92,2.52,1.2,0.4,1.0,2.24,2.2,14.28,0.0
192,1642368,N'Faly Dante,N'Faly,1612709908,RGV,23.0,33,19,14,0.576,25.7,6.3,8.55,0.737,0.0,0.0,,0.97,2.21,0.439,3.36,5.79,9.15,1.03,1.48,0.97,2.18,0.55,2.64,3.09,14.27,3.18
193,1630600,Isaiah Mobley,Isaiah,1612709909,DEL,25.0,28,14,14,0.5,26.57,5.07,12.07,0.42,1.14,4.32,0.264,1.61,2.29,0.703,2.04,6.0,8.04,3.11,1.64,0.71,0.79,0.79,2.75,3.71,14.21,-1.82
194,1630550,JT Thor,JT,1612709928,CCG,22.0,25,11,14,0.44,31.79,4.92,11.4,0.432,1.04,3.68,0.283,1.92,2.52,0.762,2.0,4.88,6.88,2.04,2.56,0.68,1.52,0.96,2.6,3.28,14.12,-4.6
195,1642358,AJ Johnson,AJ,1612709928,CCG,20.0,28,12,16,0.429,28.81,5.25,12.07,0.435,1.75,4.61,0.38,1.11,1.39,0.799,0.54,3.14,3.68,4.0,2.89,0.89,0.25,1.11,2.71,1.5,14.11,-2.04
196,1642592,Teddy Allen,Teddy,1612709908,RGV,26.0,39,21,18,0.538,20.02,5.08,11.38,0.446,2.0,5.85,0.342,1.26,1.49,0.846,1.13,2.9,4.03,1.13,1.33,1.08,0.23,0.72,1.46,1.64,14.1,0.28
197,1630606,Javonte Smart,Javonte,1612709925,OSC,25.0,33,17,16,0.515,27.01,5.24,11.24,0.466,2.09,5.91,0.354,0.97,1.33,0.729,0.42,2.15,2.58,3.73,2.15,0.97,0.27,0.64,1.36,2.0,14.06,0.79
198,1630547,James Bouknight,James,1612709933,RCR,24.0,38,16,22,0.421,27.04,5.05,11.5,0.439,1.79,5.87,0.305,1.32,2.0,0.66,0.55,5.29,5.84,4.79,3.39,1.18,0.92,0.74,2.05,3.0,14.0,-4.63
199,1628396,Tony Bradley,Tony,1612709929,CPS,27.0,24,14,10,0.583,22.83,5.92,8.62,0.687,0.21,0.62,0.339,1.08,1.62,0.667,3.71,6.88,10.58,1.04,1.58,0.54,1.08,0.38,2.21,2.5,14.0,2.21
200,1631257,Jermaine Samuels Jr.,Jermaine,1612709908,RGV,26.0,40,22,18,0.55,31.79,5.25,10.68,0.492,1.42,4.55,0.312,1.18,1.8,0.656,1.45,4.65,6.1,2.15,1.48,1.25,0.28,0.88,2.35,2.58,14.0,1.48
201,1630554,Jason Preston,Jason,1612709903,SLC,25.0,2,0,2,0.0,23.9,7.0,11.0,0.636,0.0,3.0,0.0,0.0,0.0,,1.0,6.0,7.0,6.0,2.0,1.0,0.0,0.0,0.0,0.0,14.0,-11.0
202,1641794,Dillon Jones,Dillon,1612709889,OKL,23.0,20,11,9,0.55,32.51,5.3,12.2,0.434,1.55,4.9,0.316,1.35,2.05,0.659,0.95,6.55,7.5,5.55,3.15,0.85,0.15,0.7,1.8,2.5,13.9,3.2
203,1641735,Amari Bailey,Amari,1612709911,IWA,21.0,17,2,15,0.118,25.1,5.41,12.35,0.438,1.12,2.94,0.381,1.41,2.06,0.684,1.12,2.35,3.47,4.0,2.47,0.76,0.35,0.88,2.29,2.0,13.88,-5.88
204,1630705,Nojel Eastern,Nojel,1612709911,IWA,25.0,25,6,19,0.24,32.07,5.24,10.12,0.518,1.28,3.12,0.41,1.28,1.68,0.762,1.8,4.0,5.8,3.16,1.84,1.48,0.6,0.68,2.44,2.56,13.84,-6.68
205,1630692,Jordan Goodwin,Jordan,1612709905,SBL,26.0,17,5,12,0.294,24.02,5.29,12.53,0.422,1.59,5.06,0.314,0.88,1.24,0.71,1.76,3.88,5.65,3.0,1.71,1.82,0.41,0.94,2.47,1.82,13.76,1.35
206,1642275,Tidjane Salaün,Tidjane,1612709922,GBO,19.0,8,4,4,0.5,33.38,5.5,14.0,0.393,1.75,6.75,0.259,0.75,1.75,0.429,2.0,5.75,7.75,1.5,1.5,1.25,0.0,0.75,3.0,2.75,13.75,-7.25
207,1631386,Tazé Moore,Tazé,1612709933,RCR,26.0,18,7,11,0.389,28.23,5.22,11.67,0.447,1.61,5.33,0.302,1.06,1.22,0.869,1.44,5.17,6.61,6.22,3.39,1.44,0.67,0.39,2.33,2.17,13.67,-3.78
208,1641881,Javan Johnson,Javan,1612709902,SCW,26.0,38,19,19,0.5,27.01,4.82,11.95,0.403,2.74,7.47,0.367,0.71,0.79,0.899,0.68,3.0,3.68,1.37,1.45,0.63,0.68,0.58,1.84,0.95,13.61,-2.92
209,1629603,Mamadi Diakite,Mamadi,1612709934,VAL,28.0,36,21,15,0.583,26.1,4.92,9.28,0.53,1.03,2.97,0.347,1.69,2.14,0.79,1.58,6.75,8.33,2.31,1.81,0.94,1.28,0.47,2.36,2.92,13.56,1.97
210,1629056,Terence Davis,Terence,1612709927,WIS,27.0,30,12,18,0.4,25.61,5.1,11.63,0.439,2.63,6.67,0.394,0.57,0.7,0.814,0.6,4.33,4.93,3.3,2.33,0.87,0.27,0.53,1.93,1.03,13.5,-4.3
211,1641740,Jaylen Clark,Jaylen,1612709911,IWA,23.0,20,13,7,0.65,32.84,4.75,11.25,0.422,1.95,5.1,0.382,1.3,1.95,0.667,1.25,3.7,4.95,2.55,1.55,2.6,0.35,0.6,2.75,2.65,13.5,5.6
212,1630618,D.J. Carton,D.J.,1612709924,SDC,24.0,14,7,7,0.5,29.66,5.07,11.71,0.433,1.43,4.64,0.308,1.14,1.71,0.667,0.71,2.21,2.93,5.07,2.43,2.07,0.14,0.57,1.86,2.71,13.5,-2.86
213,1631220,Dereon Seabron,Dereon,1612709903,SLC,24.0,38,20,18,0.526,29.22,4.92,10.82,0.455,0.84,2.79,0.301,1.61,2.24,0.719,0.84,4.03,4.87,4.45,2.5,0.87,0.24,1.47,1.71,2.71,13.5,-3.26
214,1626163,Frank Kaminsky,Frank,1612709920,RAP,31.0,25,13,12,0.52,26.98,5.04,10.36,0.486,1.6,4.56,0.351,1.0,1.36,0.735,1.44,4.52,5.96,4.08,1.52,0.44,0.56,0.48,1.8,1.76,13.4,-0.6
215,1628984,Devonte' Graham,Devonte',1612709933,RCR,30.0,8,2,6,0.25,30.88,4.62,12.12,0.381,3.12,8.62,0.362,0.5,0.88,0.568,0.38,1.12,1.5,4.62,2.62,1.25,0.25,0.75,1.12,2.38,13.38,-4.25
216,1629808,Stephen Thompson,Stephen,1612709927,WIS,27.0,39,15,24,0.385,30.22,4.85,11.56,0.42,2.33,6.03,0.386,0.79,1.23,0.642,0.85,2.97,3.82,2.31,1.26,1.0,0.41,0.51,1.51,1.97,13.36,-3.13
217,1631113,Kennedy Chandler,Kennedy,1612709920,RAP,22.0,41,17,24,0.415,24.75,5.41,10.95,0.494,1.0,2.71,0.369,0.9,1.49,0.604,0.68,2.02,2.71,5.61,1.93,1.37,0.24,1.2,1.9,2.54,13.34,-4.22
218,1641926,Dexter Dennis,Dexter,1612709914,STO,26.0,37,24,13,0.649,30.57,4.7,10.7,0.439,2.35,6.27,0.375,0.95,1.27,0.748,0.7,3.22,3.92,2.35,1.3,0.95,0.76,0.62,2.7,1.62,13.24,0.05
219,1642554,El Ellis,El,1612709911,IWA,25.0,41,16,25,0.39,28.39,4.98,11.61,0.429,1.44,4.71,0.306,1.22,1.61,0.758,0.37,3.05,3.41,4.85,1.59,0.93,0.2,0.71,1.9,2.2,13.24,-5.88
220,1641815,Isaiah Stevens,Isaiah,1612709904,SXF,24.0,27,16,11,0.593,37.1,4.81,10.48,0.459,1.15,3.85,0.299,1.67,1.81,0.923,0.59,2.56,3.15,9.11,3.52,1.41,0.19,0.11,1.89,2.3,13.19,4.63
221,1630535,Greg Brown III,Greg,1612709931,MXC,23.0,33,16,17,0.485,21.08,4.94,10.0,0.494,1.0,3.09,0.324,1.42,2.45,0.58,1.36,3.73,5.09,1.03,2.18,0.45,1.76,0.94,2.7,3.82,13.18,-0.7
222,1629633,Jarrett Culver,Jarrett,1612709925,OSC,26.0,38,18,20,0.474,28.35,4.58,10.47,0.437,1.87,5.61,0.333,1.13,1.79,0.631,1.29,4.21,5.5,2.63,1.89,1.0,0.68,0.58,1.97,2.32,13.11,-1.05
223,1630206,Jay Scrubb,Jay,1612709915,MNE,24.0,33,20,13,0.606,22.71,4.73,12.06,0.392,1.91,6.24,0.306,1.18,1.88,0.628,1.03,2.7,3.73,1.76,1.7,1.06,0.61,0.79,1.55,2.21,13.09,0.48
224,1629667,Jalen McDaniels,Jalen,1612709928,CCG,27.0,27,19,8,0.704,29.74,4.22,9.56,0.441,1.15,3.44,0.334,1.96,2.52,0.778,1.67,5.7,7.37,1.96,2.41,1.04,0.89,0.85,3.56,3.41,13.0,0.19
225,1631322,Javante McCoy,Javante,1612709932,MCC,27.0,18,9,9,0.5,23.4,5.06,9.22,0.549,1.28,2.83,0.452,0.89,1.0,0.89,1.06,2.61,3.67,2.39,1.56,0.94,0.61,0.56,1.28,1.28,12.94,-0.39
226,1630275,Jordan Bowden,Jordan,1612709929,CPS,28.0,40,22,18,0.55,30.23,4.55,11.22,0.406,1.85,6.35,0.291,1.18,1.48,0.797,0.48,3.55,4.03,2.2,0.95,0.95,0.28,0.6,2.15,1.72,12.9,3.22
227,1641878,Damion Baugh,Damion,1612709922,GBO,24.0,35,24,11,0.686,30.92,4.69,10.29,0.456,1.11,3.4,0.326,1.49,2.09,0.713,0.97,4.74,5.71,7.89,2.86,1.66,0.37,0.77,2.31,2.8,12.89,4.23
228,1630268,Nate Darling,Nate,1612709924,SDC,26.0,15,8,7,0.533,25.83,4.6,11.53,0.399,2.07,6.4,0.323,0.87,1.47,0.592,0.73,1.73,2.47,2.13,1.8,1.07,0.47,0.47,1.47,1.47,12.87,6.6
229,1642461,Spencer Jones,Spencer,1612709917,GRG,23.0,19,12,7,0.632,30.1,4.95,9.95,0.497,2.32,5.11,0.454,0.42,0.63,0.667,2.37,4.26,6.63,1.74,1.11,1.16,1.21,0.47,2.63,1.68,12.84,4.32
230,1641727,Dariq Whitehead,Dariq,1612709921,LIN,20.0,23,8,15,0.348,28.45,4.48,12.26,0.365,1.96,5.96,0.329,1.0,1.35,0.741,0.83,3.35,4.17,1.78,1.57,1.22,0.39,0.83,2.13,1.48,12.83,-4.48
231,1631351,Lucas Williamson,Lucas,1612709926,MHU,26.0,26,10,16,0.385,29.19,4.23,11.08,0.382,2.62,7.46,0.351,1.04,1.62,0.642,0.88,3.0,3.88,1.69,1.54,1.85,0.31,1.12,3.15,2.58,12.81,-1.58
232,1628432,Davon Reed,Davon,1612709913,BHM,29.0,37,21,16,0.568,33.55,4.54,10.54,0.431,1.92,5.11,0.376,1.16,1.46,0.795,0.57,4.32,4.89,2.38,1.86,0.92,0.7,0.54,2.43,1.76,12.76,-0.41
233,1642530,Yuki Kawamura,Yuki,1612709926,MHU,23.0,21,8,13,0.381,32.25,4.19,12.14,0.345,2.1,6.67,0.315,1.29,1.67,0.772,0.62,2.76,3.38,8.95,2.52,1.38,0.19,0.67,2.38,2.9,12.71,2.33
234,1630546,Max Abmas,Max,1612709903,SLC,23.0,41,23,18,0.561,25.68,4.29,10.54,0.407,2.39,6.76,0.354,1.1,1.32,0.833,0.49,2.29,2.78,4.66,2.05,0.76,0.05,0.46,1.93,1.68,12.71,0.73
235,1642058,Kevion Nolan,Kevion,1612709924,SDC,25.0,12,2,10,0.167,26.79,4.0,9.83,0.407,1.5,4.83,0.311,1.83,2.33,0.785,1.0,3.17,4.17,4.83,3.83,0.83,0.33,0.33,2.83,2.67,12.67,-4.83
236,1642277,Johnny Furphy,Johnny,1612709910,IMA,20.0,18,12,6,0.667,33.05,4.78,11.44,0.418,1.44,5.0,0.288,1.0,1.56,0.641,1.67,8.0,9.67,1.78,2.11,1.0,1.11,1.0,3.11,2.56,12.67,-4.11
237,1641811,Sir'Jabari Rice,Sir'Jabari,1612709905,SBL,26.0,34,13,21,0.382,20.85,4.38,8.62,0.508,1.29,3.09,0.417,1.71,2.15,0.795,0.53,1.65,2.18,3.09,1.97,0.91,0.18,0.5,1.47,2.74,12.65,-1.53
238,1642384,Isaiah Crawford,Isaiah,1612709914,STO,23.0,34,25,9,0.735,30.85,4.59,9.76,0.47,1.47,3.68,0.399,1.26,1.56,0.808,1.65,3.29,4.94,2.59,1.47,1.15,1.24,0.62,3.15,2.09,12.62,5.47
239,1630787,Cameron McGriff,Cameron,1612709910,IMA,27.0,37,18,19,0.486,28.73,4.3,10.92,0.394,1.68,5.3,0.317,1.24,1.54,0.805,1.24,5.24,6.49,1.81,2.05,0.89,0.16,0.7,2.89,2.38,12.57,0.38
240,1631205,Buddy Boeheim,Buddy,1612709889,OKL,25.0,39,24,15,0.615,26.6,4.1,10.79,0.38,3.49,9.26,0.377,0.54,0.64,0.844,0.62,2.79,3.41,1.82,1.0,0.72,0.15,0.36,1.85,0.79,12.56,0.54
241,1630539,Kai Jones,Kai,1612709918,TEX,24.0,15,6,9,0.4,31.24,5.13,7.07,0.726,0.27,0.73,0.37,1.07,1.2,0.892,2.13,5.2,7.33,1.73,1.2,1.47,1.67,0.27,2.33,1.87,12.53,-1.33
242,1631405,Blake Marquardt,Blake,1612709927,WIS,27.0,4,0,4,0.0,34.34,4.5,10.5,0.429,3.5,8.5,0.412,0.0,0.0,,0.0,6.0,6.0,2.5,2.5,1.0,0.0,0.0,1.0,0.5,12.5,3.0
243,1642359,Pacome Dadiet,Pacome,1612709919,WES,19.0,16,12,4,0.75,31.07,4.25,10.62,0.4,1.5,5.69,0.264,1.31,1.69,0.775,1.38,4.06,5.44,2.06,2.06,0.81,0.44,0.5,2.19,2.12,12.5,-0.12
244,1642419,Jamison Battle,Jamison,1612709920,RAP,23.0,17,10,7,0.588,28.42,4.53,9.24,0.49,2.53,5.65,0.448,0.53,0.71,0.746,0.29,4.12,4.41,1.47,1.12,0.29,0.29,0.53,1.88,1.24,12.41,2.53
245,1629052,Oshae Brissett,Oshae,1612709921,LIN,26.0,18,12,6,0.667,26.41,3.67,11.0,0.334,1.22,4.56,0.268,1.89,2.33,0.811,2.56,3.33,5.89,1.67,1.0,1.44,0.33,1.11,1.56,3.89,12.22,-0.22
246,1641795,Taevion Kinsey,Taevion,1612709903,SLC,24.0,41,23,18,0.561,33.4,4.66,9.15,0.509,0.98,3.17,0.309,1.12,1.66,0.675,1.49,2.0,3.49,2.63,1.27,1.02,0.29,0.51,1.59,2.22,12.22,2.37
247,1642399,Jesse Edwards,Jesse,1612709911,IWA,24.0,25,14,11,0.56,24.57,4.96,7.64,0.649,0.0,0.16,0.0,1.16,2.2,0.527,2.96,4.08,7.04,1.48,1.56,0.84,1.64,0.96,3.12,4.0,12.16,2.08
248,1642367,Jonathan Mogbo,Jonathan,1612709920,RAP,23.0,13,10,3,0.769,28.95,4.23,7.85,0.539,0.69,1.62,0.426,1.85,2.38,0.777,1.62,5.69,7.31,4.08,1.92,1.15,1.0,0.54,2.08,2.77,12.15,4.92
249,1641817,Anton Watson,Anton,1612709919,WES,24.0,37,20,17,0.541,29.86,4.49,10.16,0.442,1.84,5.76,0.319,0.76,1.16,0.655,1.46,3.68,5.14,1.97,0.97,1.0,0.3,0.43,1.95,1.46,12.05,1.38
250,1642660,Dre'Shawn Allen,Dre'Shawn,1612709932,MCC,25.0,2,0,2,0.0,14.58,4.0,8.0,0.5,2.0,4.0,0.5,1.0,1.0,1.0,1.0,2.0,3.0,0.0,2.0,1.0,0.0,0.0,0.0,1.0,12.0,-3.0
251,1642046,Miller Kopp,Miller,1612709889,OKL,26.0,38,23,15,0.605,29.14,4.11,9.03,0.455,2.74,6.42,0.427,0.68,0.89,0.764,1.08,4.29,5.37,1.79,1.03,1.08,0.5,0.32,2.16,1.58,11.97,4.16
252,1630184,Kira Lewis Jr.,Kira,1612709928,CCG,23.0,15,8,7,0.533,24.13,4.6,10.6,0.434,1.13,3.67,0.308,0.87,1.07,0.813,0.87,2.6,3.47,3.8,1.27,1.07,0.13,1.0,1.4,2.0,11.93,-1.8
253,1631243,Mouhamed Gueye,Mouhamed,1612709929,CPS,22.0,24,14,10,0.583,28.17,4.42,9.33,0.474,1.42,3.58,0.397,0.92,1.42,0.648,3.42,5.58,9.0,1.62,1.12,1.25,0.75,0.46,2.71,2.0,11.92,2.12
254,1642504,Cormac Ryan,Cormac,1612709889,OKL,26.0,28,16,12,0.571,27.12,3.57,8.36,0.427,2.11,5.5,0.384,1.79,1.86,0.962,0.21,3.18,3.39,2.11,1.21,0.96,0.21,0.36,2.89,2.46,11.86,2.43
255,1626159,Justise Winslow,Justise,1612709927,WIS,28.0,6,5,1,0.833,18.55,4.33,8.67,0.499,1.33,2.83,0.47,1.0,2.0,0.5,1.83,3.83,5.67,2.0,1.33,1.17,1.0,0.17,2.0,3.17,11.83,7.0
256,1631127,Harrison Ingram,Harrison,1612709890,AUS,22.0,40,27,13,0.675,32.5,4.38,11.2,0.391,1.72,5.98,0.288,0.65,1.1,0.591,2.48,6.35,8.82,3.85,1.9,1.38,0.65,0.5,2.2,1.45,11.7,7.98
257,1642755,Kyle Rode,Kyle,1612709890,AUS,25.0,25,17,8,0.68,24.57,3.96,9.08,0.436,2.8,6.8,0.412,0.6,0.8,0.75,1.16,2.32,3.48,1.44,0.68,0.56,0.16,0.32,2.2,0.76,11.68,5.68
258,1630556,Kessler Edwards,Kessler,1612709918,TEX,24.0,12,5,7,0.417,32.73,4.25,13.08,0.325,2.17,7.25,0.299,0.67,1.0,0.67,1.67,6.92,8.58,2.0,1.67,1.0,1.0,0.92,1.42,1.17,11.58,-4.42
259,1641917,Taylor Funk,Taylor,1612709928,CCG,27.0,38,24,14,0.632,28.11,3.89,8.95,0.435,2.34,6.79,0.345,0.76,0.92,0.826,1.08,3.76,4.84,2.55,1.45,0.84,0.47,0.37,1.79,1.26,11.53,5.61
260,1630207,Nate Hinton,Nate,1612709926,MHU,25.0,39,20,19,0.513,27.92,4.21,9.36,0.45,1.49,4.28,0.348,0.82,1.31,0.626,2.44,5.95,8.38,3.49,1.92,1.59,0.28,0.79,2.69,2.0,11.38,-1.41
261,1641986,"Teafale Lenard, Jr.","Jr., Teafale",1612709918,TEX,22.0,27,8,19,0.296,28.27,4.22,10.74,0.393,1.67,5.85,0.285,0.74,1.11,0.667,0.63,3.3,3.93,2.0,2.33,1.74,1.44,0.63,2.37,1.63,11.37,-2.85
262,1642547,DaJuan Gordon,DaJuan,1612709905,SBL,24.0,40,14,26,0.35,27.31,4.3,9.43,0.456,1.2,4.15,0.289,0.95,1.32,0.72,1.62,4.2,5.82,2.33,1.8,1.02,0.2,0.48,2.55,2.35,11.25,-2.42
263,1629718,Charlie Brown Jr.,Charlie,1612709920,RAP,28.0,25,6,19,0.24,27.42,3.6,9.76,0.369,1.76,5.64,0.312,1.32,1.72,0.767,1.08,2.72,3.8,2.0,1.88,2.28,0.8,0.36,2.4,2.04,11.24,-1.2
264,1641771,Jalen Slawson,Jalen,1612709925,OSC,25.0,39,19,20,0.487,29.61,3.72,8.15,0.456,1.1,3.59,0.306,1.56,2.18,0.716,1.36,5.92,7.28,3.44,2.36,1.08,1.31,0.49,3.1,3.26,11.21,1.18
265,1641752,Bobi Klintman,Bobi,1612709932,MCC,22.0,24,11,13,0.458,30.33,4.0,10.08,0.397,1.29,4.88,0.264,1.12,1.67,0.671,1.33,4.79,6.12,3.88,2.75,0.75,0.58,0.67,3.04,2.42,11.21,-1.17
266,1641869,Malachi Smith,Malachi,1612709926,MHU,25.0,36,16,20,0.444,24.98,4.67,9.58,0.487,0.94,2.89,0.325,0.67,1.0,0.67,1.33,3.08,4.42,3.31,1.47,0.78,0.25,0.64,1.64,1.25,11.19,-1.06
267,1631303,Justin Minaya,Justin,1612709933,RCR,25.0,17,6,11,0.353,32.76,4.41,10.12,0.436,1.53,5.59,0.274,0.41,0.71,0.577,1.35,3.12,4.47,3.59,1.71,1.53,0.65,0.71,2.29,1.47,11.0,-5.47
268,1631098,Johnny Davis,Johnny,1612709919,WES,23.0,3,2,1,0.667,20.16,4.67,8.0,0.584,1.0,1.67,0.599,0.33,1.0,0.33,0.67,1.33,2.0,1.0,3.33,0.0,0.0,0.67,3.33,1.33,11.0,8.67
269,1641985,Bryson Warren,Bryson,1612709904,SXF,20.0,40,23,17,0.575,23.28,4.15,10.18,0.408,1.98,5.62,0.352,0.48,0.6,0.8,0.78,1.92,2.7,3.95,1.85,0.85,0.3,0.38,1.35,0.78,10.98,0.0
270,1630283,Kylor Kelley,Kylor,1612709905,SBL,27.0,23,6,17,0.261,27.53,4.87,7.22,0.675,0.0,0.09,0.0,0.65,1.39,0.468,2.04,5.13,7.17,1.74,1.78,0.3,2.48,0.43,2.04,1.83,10.96,-2.96
271,1627748,Thon Maker,Thon,1612709908,RGV,28.0,15,8,7,0.533,23.69,3.4,8.27,0.411,1.4,4.53,0.309,1.4,2.13,0.657,1.93,4.33,6.27,0.73,1.73,1.33,1.53,0.73,2.47,3.67,10.87,3.87
272,1642502,Malevy Leons,Malevy,1612709889,OKL,25.0,37,22,15,0.595,26.28,3.73,7.57,0.493,0.65,1.81,0.359,1.76,2.24,0.786,2.95,4.49,7.43,2.46,1.68,1.3,0.97,0.68,2.62,2.78,10.86,3.76
273,1641915,Caleb Daniels,Caleb,1612709904,SXF,25.0,41,23,18,0.561,29.04,4.37,8.02,0.545,0.9,2.85,0.316,0.78,1.12,0.696,2.05,4.17,6.22,1.51,1.1,0.88,0.39,0.56,2.54,1.66,10.85,-0.71
274,1642490,Josh Oduro,Josh,1612709913,BHM,24.0,37,14,23,0.378,28.96,4.24,7.95,0.533,0.05,0.62,0.081,1.3,1.7,0.765,3.41,4.68,8.08,3.11,1.97,0.86,1.16,0.73,3.14,2.78,10.81,0.43
275,1642347,Jamal Shead,Jamal,1612709920,RAP,22.0,10,4,6,0.4,30.74,4.0,11.8,0.339,0.6,3.2,0.187,1.2,1.4,0.857,0.6,1.8,2.4,10.2,2.4,2.0,0.2,1.0,1.0,2.6,10.8,-1.2
276,1642473,Moses Wood,Moses,1612709934,VAL,25.0,42,25,17,0.595,30.3,3.83,8.55,0.448,2.33,5.76,0.405,0.5,0.67,0.746,1.19,2.86,4.05,1.4,1.12,0.76,0.76,0.31,2.76,1.24,10.76,1.64
277,1641890,Tyler Smith,Tyler,1612709927,WIS,20.0,25,10,15,0.4,25.1,3.72,8.96,0.415,1.36,4.16,0.327,1.12,1.36,0.824,1.08,5.0,6.08,1.24,1.16,0.76,0.92,0.56,2.32,1.92,10.72,-3.32
278,1629013,Landry Shamet,Landry,1612709919,WES,27.0,6,6,0,1.0,25.77,3.67,10.0,0.367,1.67,5.67,0.295,1.33,1.67,0.796,1.0,2.0,3.0,1.67,0.67,0.33,0.0,1.0,0.67,1.33,10.67,7.67
279,1642486,Boo Buie III,Boo,1612709919,WES,25.0,35,20,15,0.571,21.3,3.86,9.63,0.401,1.94,5.63,0.345,0.6,0.83,0.723,0.74,2.0,2.74,3.29,1.14,0.54,0.14,0.43,1.77,1.51,10.66,1.51
280,1630701,Michael Foster Jr.,Michael,1612709928,CCG,22.0,33,19,14,0.576,21.59,3.94,7.06,0.558,0.36,0.82,0.439,1.27,1.58,0.804,2.36,3.55,5.91,2.18,1.45,0.76,1.27,0.58,2.06,2.33,10.64,0.91
281,1628605,Dusty Hannahs,Dusty,1612709931,MXC,31.0,4,2,2,0.5,17.56,4.0,7.0,0.571,1.0,1.5,0.667,1.0,1.0,1.0,0.5,0.5,1.0,0.5,1.5,0.0,0.0,0.5,1.5,1.0,10.5,2.5
282,1641998,Trey Jemison III,Trey,1612709905,SBL,25.0,8,4,4,0.5,24.34,4.25,8.5,0.5,0.0,0.0,,1.0,1.5,0.667,3.25,4.5,7.75,1.75,0.5,0.75,1.0,0.5,3.0,2.25,10.5,1.0
283,1631160,Jordan Hall,Jordan,1612709923,WCB,23.0,39,14,25,0.359,27.2,3.87,10.79,0.359,1.9,5.51,0.345,0.49,0.59,0.831,0.87,4.15,5.03,4.82,3.03,0.97,0.51,0.77,1.79,0.95,10.44,-4.67
284,1630312,Robert Baker,Robert,1612709925,OSC,26.0,32,15,17,0.469,21.51,4.03,8.78,0.459,1.59,4.62,0.344,0.44,0.62,0.71,1.22,4.25,5.47,1.09,0.94,0.88,0.97,0.34,1.78,0.97,10.41,0.06
285,1630750,Obadiah Noel,Obadiah,1612709910,IMA,25.0,20,9,11,0.45,20.57,3.4,7.25,0.469,0.9,2.15,0.419,1.6,2.15,0.744,0.7,1.6,2.3,1.7,1.7,0.75,0.5,0.55,2.35,2.55,10.35,1.2
286,1630585,Marcus Garrett,Marcus,1612709922,GBO,26.0,38,25,13,0.658,29.98,3.92,8.71,0.45,0.95,3.18,0.299,0.97,1.39,0.698,0.68,2.87,3.55,3.71,1.58,1.5,0.74,0.92,2.13,1.76,10.34,2.89
287,1642407,Boogie Ellis,Boogie,1612709910,IMA,24.0,19,12,7,0.632,21.8,3.47,9.74,0.356,2.16,5.68,0.38,0.63,0.84,0.75,0.74,2.68,3.42,3.05,1.37,0.84,0.32,0.68,2.32,1.58,10.26,-1.16
288,1641987,David Muoka,David,1612709923,WCB,24.0,40,13,27,0.325,24.96,4.72,6.9,0.684,0.0,0.0,,0.5,0.88,0.568,3.1,4.6,7.7,1.78,1.02,0.5,1.82,0.48,2.02,1.25,10.25,-2.05
289,1631408,Ben Coupet Jr.,Ben,1612709923,WCB,27.0,37,13,24,0.351,27.21,3.76,10.0,0.376,1.7,5.86,0.29,0.59,0.92,0.641,0.89,2.16,3.05,1.0,1.03,0.84,0.35,0.86,1.46,1.03,10.22,-3.54
290,1641991,Logan Johnson,Logan,1612709889,OKL,25.0,34,19,15,0.559,22.57,3.53,7.68,0.46,0.21,0.82,0.256,1.74,2.21,0.787,0.71,2.71,3.41,4.94,2.47,0.94,0.15,1.03,1.44,3.09,10.21,0.35
291,1630286,Trevon Scott,Trevon,1612709921,LIN,28.0,38,15,23,0.395,27.56,3.87,9.11,0.425,1.21,4.11,0.294,0.66,1.05,0.629,2.47,4.21,6.68,1.5,0.95,1.13,0.42,0.58,1.63,1.26,10.11,-0.66
292,1630812,Sterling Manley,Sterling,1612709933,RCR,26.0,27,10,17,0.37,17.65,4.11,6.78,0.606,0.0,0.0,,1.11,1.67,0.665,2.48,2.89,5.37,0.81,1.04,0.07,0.56,0.56,3.0,2.11,10.11,-1.19
293,1641825,Dink Pate,Dink,1612709931,MXC,18.0,40,20,20,0.5,24.12,3.82,9.22,0.414,1.1,3.38,0.325,0.82,1.27,0.646,0.42,4.03,4.45,1.82,1.88,0.72,0.1,0.52,2.0,1.35,10.07,-3.18
294,1641935,Jarkel Joiner,Jarkel,1612709929,CPS,25.0,39,21,18,0.538,21.33,3.77,9.23,0.408,1.54,4.56,0.338,0.74,1.0,0.74,0.31,2.64,2.95,3.33,1.38,0.46,0.05,0.31,1.51,1.26,9.97,0.18
295,1642365,Nikola Djurisic,Nikola,1612709929,CPS,21.0,28,13,15,0.464,22.64,3.36,9.11,0.369,0.57,3.04,0.187,1.61,1.89,0.852,0.68,2.32,3.0,3.43,2.96,0.89,0.46,0.61,2.21,3.25,9.96,-2.93
296,1642487,Tyrese Samuel,Tyrese,1612709934,VAL,24.0,41,24,17,0.585,19.06,4.12,6.44,0.64,0.1,0.41,0.244,0.9,1.56,0.577,2.29,4.32,6.61,1.34,0.9,0.71,0.83,0.59,2.02,2.17,9.95,-1.32
297,1631338,Mouhamadou Gueye,Mouhamadou,1612709928,CCG,26.0,25,16,9,0.64,24.19,4.0,7.6,0.526,0.08,0.44,0.182,1.04,2.04,0.51,1.28,3.72,5.0,1.48,2.08,0.6,1.12,1.08,2.4,2.92,9.92,0.36
298,1642400,Tristan Enaruna,Tristan,1612709915,MNE,23.0,39,23,16,0.59,26.57,3.82,8.59,0.445,0.79,3.1,0.255,0.9,1.49,0.604,1.59,3.46,5.05,1.49,0.77,0.72,0.51,0.64,0.95,1.92,9.92,1.31
299,1642019,Will Richardson,Will,1612709917,GRG,25.0,29,13,16,0.448,25.15,3.52,8.07,0.436,1.55,3.93,0.394,0.9,1.1,0.818,0.83,2.52,3.34,3.66,1.41,1.1,0.28,0.62,2.38,1.17,9.9,-0.79
300,1631407,Evan Gilyard,Evan,1612709920,RAP,26.0,37,15,22,0.405,22.23,3.65,8.14,0.448,1.11,3.32,0.334,1.05,1.22,0.861,0.3,1.51,1.81,4.89,1.95,0.78,0.27,0.46,2.27,2.59,9.86,1.73
301,1641864,Keshawn Justice,Keshawn,1612709903,SLC,25.0,41,23,18,0.561,27.36,3.39,8.49,0.399,2.56,6.61,0.387,0.37,0.44,0.841,0.46,3.39,3.85,1.68,1.17,1.02,0.24,0.37,1.66,0.56,9.8,1.41
302,1642527,Felipe Haase,Felipe,1612709931,MXC,26.0,36,19,17,0.528,25.9,3.06,6.58,0.465,1.89,4.08,0.463,0.92,1.06,0.868,1.19,4.06,5.25,2.33,1.19,0.42,0.56,0.56,2.67,1.83,9.75,0.78
303,1641755,Kevin McCullar Jr.,Kevin,1612709919,WES,23.0,14,4,10,0.286,22.01,3.29,9.29,0.354,0.43,3.14,0.137,1.71,1.86,0.919,1.43,3.29,4.71,2.0,1.43,1.0,0.14,0.71,2.43,2.29,9.57,1.14
304,1641784,Antoine Davis,Antoine,1612709914,STO,26.0,22,14,8,0.636,16.83,3.36,8.14,0.413,2.32,5.55,0.418,0.32,0.45,0.711,0.36,1.5,1.86,0.86,0.68,0.36,0.14,0.14,1.36,0.82,9.55,0.0
305,1642562,Tanner Holden,Tanner,1612709918,TEX,24.0,40,14,26,0.35,26.01,3.65,7.15,0.51,0.7,1.65,0.424,0.85,1.35,0.63,0.85,3.7,4.55,2.3,1.1,1.0,0.35,0.55,1.95,2.15,9.55,0.05
306,1630199,Cassius Stanley,Cassius,1612709934,VAL,25.0,31,17,14,0.548,18.13,3.23,6.84,0.472,0.9,2.52,0.357,1.19,1.65,0.721,0.68,3.32,4.0,1.52,1.29,0.61,0.32,0.39,1.1,2.35,9.48,-0.03
307,1642429,Donta Scott,Donta,1612709902,SCW,24.0,39,19,20,0.487,24.67,3.51,7.62,0.461,1.49,4.18,0.356,0.59,1.0,0.59,1.67,3.59,5.26,0.97,0.67,0.64,0.49,0.38,1.62,1.51,9.44,-1.92
308,1628778,Paul Watson,Paul,1612709934,VAL,30.0,37,23,14,0.622,24.93,3.35,8.0,0.419,1.86,5.46,0.341,0.49,0.68,0.721,0.32,3.46,3.78,1.27,1.27,0.57,0.35,0.41,1.89,1.05,9.43,1.81
309,1642378,Mark Armstrong,Mark,1612709921,LIN,21.0,26,9,17,0.346,19.29,3.46,8.96,0.386,0.81,2.85,0.284,0.96,1.0,0.96,0.35,0.96,1.31,1.96,1.04,0.65,0.19,0.77,1.42,1.38,9.42,-1.92
310,1630663,Quincy Guerrier,Quincy,1612709920,RAP,25.0,32,11,21,0.344,22.85,3.66,7.88,0.464,0.59,2.34,0.252,0.81,1.34,0.604,1.31,3.62,4.94,0.59,1.16,0.5,0.25,0.84,2.25,1.72,9.38,-4.0
311,1642657,Cameron Martin,Cameron,1612709932,MCC,26.0,20,9,11,0.45,26.3,3.4,6.35,0.535,0.6,1.4,0.429,1.05,1.45,0.724,3.35,5.75,9.1,2.6,2.05,0.8,0.9,0.5,3.45,2.9,9.35,-3.1
312,1641847,Andrew Funk,Andrew,1612709917,GRG,25.0,40,22,18,0.55,34.23,3.3,8.6,0.384,2.22,6.55,0.339,0.28,0.35,0.8,0.45,3.22,3.68,2.98,1.35,0.8,0.2,0.22,1.38,0.42,9.25,-0.82
313,1641777,Charles Bediako,Charles,1612709917,GRG,22.0,42,23,19,0.548,23.41,3.57,5.71,0.625,0.07,0.19,0.368,1.19,1.93,0.617,3.0,4.98,7.98,1.12,1.5,0.52,1.1,0.81,2.67,2.83,9.24,2.81
314,1629051,Quinton Rose,Quinton,1612709890,AUS,27.0,26,15,11,0.577,22.5,3.23,7.77,0.416,1.35,4.0,0.338,0.81,0.92,0.88,0.73,2.31,3.04,2.42,1.12,1.65,0.42,0.54,1.69,1.15,9.23,6.88
315,1642271,Kyle Filipowski,Kyle,1612709903,SLC,21.0,10,6,4,0.6,19.59,3.2,10.0,0.32,0.6,3.8,0.158,1.4,1.8,0.778,3.0,4.4,7.4,2.8,2.8,0.6,0.8,1.4,3.4,2.8,9.2,5.2
316,1641857,Liam Robbins,Liam,1612709927,WIS,25.0,13,5,8,0.385,20.29,3.15,6.69,0.471,0.62,1.85,0.335,1.38,1.85,0.746,1.62,3.46,5.08,1.08,1.62,0.31,1.85,0.38,3.38,2.77,9.15,-8.31
317,1631399,Jon Elmore,Jon,1612709914,STO,29.0,39,26,13,0.667,26.67,2.85,7.44,0.383,1.62,4.74,0.342,1.15,1.41,0.816,0.41,3.33,3.74,4.69,1.56,1.41,0.67,0.28,1.33,2.21,9.15,5.0
318,1642401,Aaron Estrada,Aaron,1612709932,MCC,24.0,31,16,15,0.516,21.47,3.71,8.0,0.464,1.23,3.61,0.341,0.29,0.39,0.744,0.74,2.13,2.87,3.68,1.74,0.87,0.23,0.32,1.26,0.45,9.06,0.35
319,1642027,De'Vion Harmon,De'Vion,1612709910,IMA,24.0,32,16,16,0.5,21.54,3.5,8.03,0.436,0.31,1.62,0.191,1.12,1.38,0.812,0.62,2.38,3.0,2.84,1.78,0.84,0.34,0.44,1.22,2.19,9.03,-0.38
320,1642452,Marcus Domask,Marcus,1612709923,WCB,24.0,31,11,20,0.355,27.27,3.58,8.35,0.429,1.06,3.19,0.332,0.48,0.58,0.828,0.81,2.55,3.35,3.84,1.87,0.65,0.42,0.55,1.16,0.84,9.03,0.68
321,1642568,Cameron Tyson,Cameron,1612709933,RCR,25.0,37,14,23,0.378,20.18,3.03,8.05,0.376,2.27,6.57,0.346,0.41,0.46,0.891,0.84,1.68,2.51,1.27,0.54,0.3,0.05,0.27,2.03,0.86,9.0,-3.35
322,1630648,Jordan Schakel,Jordan,1612709915,MNE,26.0,38,24,14,0.632,24.95,2.97,8.05,0.369,2.0,5.79,0.345,0.55,0.68,0.809,0.74,2.39,3.13,1.39,0.61,0.68,0.5,0.39,2.11,1.47,8.97,4.08
323,1642683,Marlain Veal,Marlain,1612709905,SBL,28.0,20,6,14,0.3,18.58,2.9,8.4,0.345,1.1,3.8,0.289,1.1,1.6,0.688,0.4,1.6,2.0,3.4,2.2,1.8,0.2,0.7,2.6,2.4,8.9,-1.3
324,1630640,MJ Walker,MJ,1612709922,GBO,26.0,36,23,13,0.639,23.79,2.92,7.72,0.378,2.5,6.33,0.395,0.33,0.33,1.0,0.5,1.64,2.14,1.14,0.94,0.58,0.14,0.17,1.81,0.86,8.89,2.11
325,1631499,Alex O'Connell,Alex,1612709919,WES,25.0,37,22,15,0.595,21.33,3.41,7.89,0.432,1.35,4.03,0.335,0.38,0.49,0.776,1.43,2.46,3.89,1.27,1.08,0.59,0.19,0.57,1.14,0.7,8.89,-2.68
326,1642066,Myron Gardner,Myron,1612709925,OSC,23.0,39,19,20,0.487,19.5,3.36,7.1,0.473,1.21,3.59,0.337,0.59,0.77,0.766,1.36,4.31,5.67,1.33,1.38,0.85,0.56,0.44,2.62,1.08,8.87,-0.67
327,1642444,Jaylin Williams,Jaylin,1612709917,GRG,24.0,33,19,14,0.576,18.49,3.48,6.39,0.545,1.09,2.55,0.427,0.48,0.64,0.75,1.09,2.18,3.27,1.21,0.82,0.42,0.61,0.21,1.73,0.82,8.82,-0.91
328,1642392,Jameer Nelson Jr.,Jameer,1612709890,AUS,23.0,32,23,9,0.719,15.29,2.88,6.62,0.435,0.59,2.0,0.295,1.56,1.88,0.83,0.62,1.66,2.28,1.88,1.31,1.09,0.16,0.72,1.19,2.84,8.81,0.16
329,1641990,Keyshawn Bryant,Keyshawn,1612709924,SDC,25.0,20,6,14,0.3,19.64,3.3,8.7,0.379,0.7,2.3,0.304,0.8,1.2,0.667,1.3,2.3,3.6,0.2,1.5,0.9,1.0,0.6,2.2,1.6,8.8,-6.6
330,1631449,Warith Alatishe,Warith,1612709893,CLC,25.0,36,12,24,0.333,23.58,3.92,6.53,0.6,0.0,0.17,0.0,0.56,1.17,0.479,3.17,4.17,7.33,1.78,1.0,1.28,1.58,0.42,2.64,1.47,8.75,-2.64
331,1628990,Chandler Hutchison,Chandler,1612709893,CLC,28.0,8,2,6,0.25,22.54,3.75,7.5,0.5,0.75,2.75,0.273,0.25,0.75,0.333,1.25,2.0,3.25,1.25,1.0,0.5,1.25,0.5,1.25,1.25,8.75,1.0
332,1641526,Babacar Sane,Babacar,1612709911,IWA,21.0,31,12,19,0.387,16.09,3.26,6.94,0.47,0.87,2.71,0.321,0.74,1.03,0.718,1.23,2.55,3.77,0.39,1.26,0.32,0.35,0.39,1.45,1.23,8.74,-0.26
333,1627853,Ryan Arcidiacono,Ryan,1612709923,WCB,30.0,18,5,13,0.278,24.13,3.11,7.67,0.405,1.56,4.72,0.331,0.61,0.78,0.782,0.56,2.61,3.17,3.33,1.44,1.0,0.28,0.28,2.11,1.94,8.67,-1.28
334,1629015,Zhaire Smith,Zhaire,1612709918,TEX,25.0,33,15,18,0.455,23.15,3.36,6.82,0.493,0.91,3.15,0.289,0.58,0.76,0.763,0.91,2.33,3.24,1.24,0.91,0.73,0.76,0.39,1.48,1.21,8.64,-2.48
335,1642440,Gabe McGlothan,Gabe,1612709917,GRG,26.0,38,22,16,0.579,22.36,3.16,7.29,0.433,1.18,3.21,0.368,0.66,0.97,0.68,2.13,3.47,5.61,1.18,1.24,1.08,0.5,0.61,2.47,1.63,8.63,-0.68
336,1631376,Dmytro Skapintsev,Dmytro,1612709933,RCR,26.0,36,17,19,0.472,23.06,3.47,6.42,0.54,0.17,0.58,0.293,0.89,1.31,0.679,2.53,4.81,7.33,2.53,1.72,0.58,1.56,0.53,2.75,2.33,8.61,-0.67
337,1631457,Alex Morales,Alex,1612709925,OSC,27.0,31,16,15,0.516,27.81,3.35,6.77,0.495,0.81,2.42,0.335,0.61,0.9,0.678,1.74,3.48,5.23,3.39,2.03,1.39,0.48,0.65,2.16,1.32,8.61,0.16
338,1642618,Solomon Young,Solomon,1612709905,SBL,26.0,35,11,24,0.314,19.99,2.77,6.23,0.445,1.06,3.29,0.322,1.17,1.49,0.785,1.06,3.23,4.29,1.14,1.17,0.71,0.49,0.26,2.03,2.8,8.57,-2.23
339,1626184,Chasson Randle,Chasson,1612709914,STO,32.0,32,22,10,0.688,21.68,2.78,6.25,0.445,1.62,3.69,0.439,0.91,1.06,0.858,0.28,2.0,2.28,2.47,1.5,0.56,0.19,0.38,2.62,1.72,8.56,1.0
340,1642409,Jaelen House,Jaelen,1612709924,SDC,23.0,21,14,7,0.667,13.1,3.0,6.95,0.432,0.76,2.86,0.266,1.05,1.29,0.814,0.43,1.29,1.71,3.0,1.0,1.14,0.0,0.24,1.71,1.86,8.48,1.33
341,1631474,Terrell Brown Jr.,Terrell,1612709922,GBO,26.0,39,27,12,0.692,22.59,3.0,7.26,0.413,0.28,1.05,0.267,1.36,1.59,0.855,0.87,2.49,3.36,4.0,1.15,1.33,0.33,0.51,1.26,2.1,8.44,1.85
342,1641924,Jamal Bey,Jamal,1612709919,WES,25.0,38,23,15,0.605,21.36,2.82,7.5,0.376,1.45,4.18,0.347,0.71,0.87,0.816,1.16,1.92,3.08,1.63,1.29,0.89,0.53,0.74,1.47,1.55,8.42,-0.11
343,1630542,Marcus Bagley,Marcus,1612709909,DEL,23.0,28,16,12,0.571,24.37,3.11,6.79,0.458,1.18,3.46,0.341,0.54,0.82,0.659,2.14,4.21,6.36,1.14,1.0,0.5,0.68,0.32,2.11,1.25,8.39,2.32
344,1642468,Darius Brown,Darius,1612709893,CLC,25.0,40,16,24,0.4,25.31,2.75,6.38,0.431,1.72,4.55,0.378,0.7,0.9,0.778,0.85,2.68,3.52,5.03,1.38,1.68,0.1,0.2,1.75,1.35,8.28,0.05
345,1631497,Ishmael Lane,Ishmael,1612709910,IMA,27.0,35,17,18,0.486,17.2,3.11,6.06,0.513,0.11,0.51,0.216,1.06,1.57,0.675,2.57,3.49,6.06,1.74,1.11,0.31,0.71,0.77,1.6,1.97,8.26,-1.69
346,1642549,Eric Gaines,Eric,1612709923,WCB,24.0,27,8,19,0.296,18.44,3.04,7.81,0.389,1.26,3.85,0.327,0.48,0.81,0.593,0.48,1.37,1.85,2.41,1.56,0.85,0.56,0.74,1.26,1.48,8.19,-3.0
347,1631489,Noah Starkey,Noah,1612709889,OKL,28.0,36,23,13,0.639,21.85,3.33,5.5,0.605,0.06,0.14,0.429,0.81,1.17,0.692,2.31,4.28,6.58,2.11,1.42,0.28,1.14,0.61,2.89,1.97,8.14,3.17
348,1641863,Dane Goodwin,Dane,1612709903,SLC,25.0,36,19,17,0.528,23.78,2.94,6.81,0.432,1.64,4.39,0.374,0.33,0.42,0.786,0.64,2.83,3.47,1.36,0.61,0.86,0.33,0.25,2.06,0.83,8.14,0.86
349,1630218,Robert Woodard II,Robert,1612709909,DEL,25.0,31,8,23,0.258,21.9,3.13,8.55,0.366,1.13,3.77,0.3,0.42,0.94,0.447,1.42,2.84,4.26,1.13,1.74,0.84,0.58,0.61,1.45,1.29,8.13,-6.16
350,1631367,Jacob Gilyard,Jacob,1612709893,CLC,26.0,20,8,12,0.4,32.83,2.6,7.15,0.364,1.7,4.9,0.347,0.65,0.9,0.722,0.45,2.0,2.45,6.65,2.25,1.6,0.2,0.5,1.5,1.2,8.05,-5.25
351,196294555,Akoldah Gak,Akoldah,1612709931,MXC,30.0,2,0,2,0.0,20.68,4.0,5.0,0.8,0.0,1.0,0.0,0.0,1.0,0.0,2.0,3.0,5.0,0.0,1.0,0.0,0.0,0.0,3.0,1.0,8.0,-3.0
352,1642463,Dylan Disu,Dylan,1612709920,RAP,24.0,17,4,13,0.235,17.98,3.0,6.06,0.495,1.41,3.71,0.38,0.35,0.47,0.745,0.76,3.41,4.18,1.41,1.47,0.82,0.82,0.12,2.94,1.18,8.0,-1.94
353,163198,Johnny Davis,Johnny,1612709919,WES,30.0,2,0,2,0.0,26.03,3.0,6.0,0.5,0.0,1.0,0.0,1.0,1.0,1.0,0.0,5.0,5.0,4.0,3.0,3.0,5.0,0.0,5.0,3.0,8.0,-33.0
354,1641970,Maozinha Pereira,Maozinha,1612709926,MHU,24.0,24,10,14,0.417,22.99,3.08,6.79,0.454,0.88,3.29,0.267,0.58,0.88,0.659,1.88,3.5,5.38,1.33,1.04,1.12,0.67,0.29,1.5,1.21,8.0,-4.29
355,1641720,Jalen Hood-Schifino,Jalen,1612709909,DEL,21.0,2,2,0,1.0,13.3,3.0,7.0,0.429,2.0,6.0,0.333,0.0,0.0,,0.0,1.0,1.0,1.0,2.0,0.0,0.0,0.0,0.0,0.0,8.0,11.0
356,1642605,"Dwight Murray, Jr.","Jr., Dwight",1612709929,CPS,25.0,33,18,15,0.545,23.01,3.33,8.7,0.383,0.91,3.12,0.292,0.27,0.33,0.818,0.76,2.88,3.64,4.58,1.39,0.91,0.12,0.7,1.21,0.76,7.97,-0.06
357,1630733,Jordan Tucker,Jordan,1612709919,WES,26.0,20,9,11,0.45,16.9,2.7,6.95,0.388,1.75,5.0,0.35,0.4,0.45,0.889,0.4,1.9,2.3,0.85,0.55,0.35,0.6,0.1,1.45,1.05,7.95,-4.4
358,1642438,Grayson Murphy,Grayson,1612709905,SBL,26.0,39,14,25,0.359,27.64,3.15,7.13,0.442,1.13,3.33,0.339,0.28,0.41,0.683,1.0,3.74,4.74,5.95,1.44,1.51,0.33,0.38,1.44,0.92,7.9,-1.0
359,1641823,Thierry Darlan,Thierry,1612709909,DEL,21.0,33,10,23,0.303,18.19,2.64,6.45,0.409,0.94,2.76,0.341,1.0,1.33,0.752,1.45,3.12,4.58,1.03,1.27,0.58,0.82,0.55,1.94,1.7,7.85,-4.48
360,1642714,Ivan Gandia-Rosa,Ivan,1612709931,MXC,27.0,31,16,15,0.516,22.4,2.58,5.9,0.437,1.71,4.0,0.428,0.55,0.68,0.809,0.39,2.0,2.39,3.23,0.87,0.42,0.06,0.1,1.19,1.29,7.81,3.13
361,1642508,Hason Ward,Hason,1612709915,MNE,24.0,42,24,18,0.571,21.96,3.48,5.26,0.662,0.12,0.24,0.5,0.38,0.83,0.458,2.05,4.36,6.4,1.17,1.33,0.79,2.17,0.36,3.1,1.21,7.79,0.76
362,1641938,Race Thompson,Race,1612709926,MHU,25.0,36,15,21,0.417,19.85,3.0,6.86,0.437,0.83,2.86,0.29,0.53,0.83,0.639,1.31,3.0,4.31,1.53,0.75,0.72,0.75,0.44,1.75,1.33,7.72,-0.72
363,203901,Elfrid Payton,Elfrid,1612709913,BHM,31.0,28,8,20,0.286,22.65,3.5,9.21,0.38,0.29,1.5,0.193,0.14,0.57,0.246,1.14,2.86,4.0,4.79,2.36,0.93,0.36,0.57,1.71,1.07,7.57,-8.43
364,1641939,Justyn Hamilton,Justyn,1612709889,OKL,25.0,27,15,12,0.556,14.34,3.26,5.89,0.553,0.04,0.41,0.098,0.52,0.93,0.559,1.78,3.63,5.41,1.22,0.78,0.37,0.74,0.37,1.48,1.11,7.48,0.59
365,1631219,John Butler Jr.,John,1612709927,WIS,22.0,34,22,12,0.647,26.58,2.35,5.76,0.408,1.41,4.09,0.345,0.74,0.88,0.841,1.03,2.71,3.74,0.79,0.68,0.79,1.5,0.26,1.88,1.29,7.38,5.09
366,1642607,Alex Schumacher,Alex,1612709934,VAL,24.0,40,12,28,0.3,21.55,2.82,7.52,0.375,0.52,2.55,0.204,0.7,0.8,0.875,0.65,1.88,2.52,2.65,1.75,0.88,0.25,0.48,1.62,1.52,7.38,-4.95
367,1631171,Justin Lewis,Justin,1612709909,DEL,22.0,35,15,20,0.429,19.26,2.69,6.34,0.424,0.8,2.26,0.354,0.63,0.89,0.708,1.29,2.83,4.11,1.51,1.06,0.86,0.46,0.37,1.91,1.14,7.29,-2.09
368,1630758,Aleem Ford,Aleem,1612709933,RCR,27.0,24,8,16,0.333,20.76,2.83,7.92,0.357,1.58,5.67,0.279,0.0,0.0,,0.25,1.92,2.17,1.0,0.5,0.5,0.17,0.17,1.25,0.08,7.25,-5.75
369,1642637,Cameron Brown,Cameron,1612709889,OKL,23.0,33,20,13,0.606,23.49,2.61,6.91,0.378,1.36,4.3,0.316,0.42,0.64,0.656,0.97,3.0,3.97,1.58,0.94,0.85,0.45,0.36,2.27,0.82,7.21,3.03
370,1630278,Ade Murkey,Ade,1612709927,WIS,27.0,22,12,10,0.545,20.13,2.45,7.0,0.35,1.18,3.82,0.309,0.59,0.77,0.766,0.55,1.59,2.14,1.32,0.86,1.05,0.55,0.36,1.86,1.32,7.18,1.27
371,1641778,Leaky Black,Leaky,1612709928,CCG,25.0,33,19,14,0.576,25.36,2.79,5.55,0.503,0.79,2.21,0.357,0.52,0.7,0.743,1.06,3.58,4.64,1.55,0.94,1.39,0.48,0.48,2.03,0.97,7.15,2.12
372,1642628,Christian Brown,Christian,1612709904,SXF,24.0,34,18,16,0.529,11.97,2.59,5.29,0.49,0.47,1.71,0.275,0.82,1.24,0.661,0.94,1.29,2.24,0.65,0.59,0.47,0.12,0.53,0.82,1.29,7.12,5.12
373,1642279,Ulrich Chomche,Ulrich,1612709920,RAP,19.0,33,16,17,0.485,23.81,3.18,5.85,0.544,0.06,0.18,0.333,0.36,0.82,0.439,2.79,4.82,7.61,1.09,1.61,0.24,2.91,0.7,2.88,1.55,7.09,0.39
374,1631286,Jalen Adaway,Jalen,1612709924,SDC,26.0,36,14,22,0.389,20.55,2.72,7.39,0.368,0.83,3.11,0.267,0.5,0.56,0.893,1.17,2.33,3.5,1.33,0.89,0.78,0.39,0.44,1.61,0.72,7.06,-3.0
375,1628876,Jared Brownridge,Jared,1612709909,DEL,30.0,37,15,22,0.405,22.4,2.41,7.65,0.315,1.86,6.38,0.292,0.16,0.27,0.593,0.16,1.22,1.38,1.46,0.49,0.46,0.05,0.14,0.59,0.41,6.95,-1.41
376,1642759,Jordan Wright,Jordan,1612709932,MCC,24.0,30,20,10,0.667,18.76,2.33,5.47,0.426,0.8,2.67,0.3,0.8,1.13,0.708,0.8,2.13,2.93,1.0,1.53,1.4,0.47,0.33,2.2,1.47,6.87,-2.27
377,1642525,Luis Rodriguez,Luis,1612709931,MXC,25.0,26,13,13,0.5,18.51,2.38,5.65,0.421,0.88,2.65,0.332,0.73,0.96,0.76,1.27,1.88,3.15,0.54,0.5,1.12,0.38,0.5,2.15,1.42,6.85,1.42
378,1642620,Tyrell Roberts,Tyrell,1612709915,MNE,25.0,12,6,6,0.5,15.97,2.67,7.83,0.341,1.33,4.33,0.307,0.17,0.17,1.0,0.5,1.0,1.5,2.33,0.67,0.33,0.17,0.33,1.67,0.5,6.83,0.83
379,1631198,Aminu Mohammed,Aminu,1612709909,DEL,23.0,38,16,22,0.421,18.24,2.71,5.39,0.503,0.05,0.29,0.172,0.71,1.0,0.71,1.84,2.61,4.45,1.74,1.05,1.03,0.29,0.68,1.82,1.45,6.76,-2.58
380,1630574,Ariel Hukporti,Ariel,1612709919,WES,22.0,7,6,1,0.857,21.14,3.0,5.43,0.552,0.0,0.0,,0.43,0.43,1.0,1.29,4.43,5.71,0.57,1.29,0.43,2.0,0.29,3.43,1.0,6.71,-0.71
381,1630721,Marcus Burk,Marcus,1612709902,SCW,27.0,39,19,20,0.487,18.91,2.33,5.08,0.459,0.92,2.59,0.355,0.64,0.77,0.831,0.9,1.72,2.62,0.9,0.82,0.97,0.15,0.18,2.0,1.23,6.62,-3.59
382,1641888,Jhonathan Dunn,Jhonathan,1612709905,SBL,27.0,28,12,16,0.429,16.07,2.18,5.18,0.421,1.57,3.93,0.399,0.39,0.57,0.684,0.57,0.93,1.5,0.86,0.82,0.32,0.32,0.07,1.39,0.57,6.61,1.14
383,1642684,Tray Jackson,Tray,1612709890,AUS,24.0,11,7,4,0.636,14.41,2.0,4.0,0.5,0.27,0.91,0.297,1.27,1.45,0.876,0.64,1.55,2.18,0.45,1.18,0.45,0.64,0.27,2.36,1.82,6.55,0.82
384,1642610,Jordan Henderson,Jordan,1612709918,TEX,25.0,21,6,15,0.286,23.06,2.33,6.62,0.352,1.19,4.29,0.277,0.38,0.52,0.731,0.43,2.1,2.52,1.0,1.38,0.62,0.1,0.24,1.43,0.9,6.52,-4.33
385,1631249,Josiah-Jordan James,Josiah-Jordan,1612709910,IMA,24.0,34,16,18,0.471,23.43,2.41,5.41,0.445,1.47,3.47,0.424,0.15,0.15,1.0,0.79,2.47,3.26,1.53,0.71,0.85,0.32,0.21,1.71,0.35,6.5,0.76
386,1641941,Vincent Valerio-Bodon,Vincent,1612709933,RCR,23.0,38,15,23,0.395,22.46,2.29,6.16,0.372,1.29,4.39,0.294,0.32,0.42,0.762,0.71,2.61,3.32,1.63,1.26,1.24,0.53,0.24,1.24,0.71,6.42,-2.05
387,1642405,Jaedon LeDee,Jaedon,1612709903,SLC,25.0,37,19,18,0.514,16.8,2.43,5.35,0.454,0.3,1.22,0.246,0.7,0.92,0.761,2.08,3.32,5.41,0.59,0.81,0.46,0.16,0.57,1.78,1.54,6.41,-0.76
388,1627775,Patrick McCaw,Patrick,1612709909,DEL,29.0,42,18,24,0.429,28.3,2.48,6.07,0.409,0.76,3.14,0.242,0.4,0.57,0.702,0.67,3.05,3.71,2.05,0.86,1.76,0.1,0.33,1.05,0.74,6.4,-1.79
389,1641756,Mike Miles Jr.,Mike,1612709923,WCB,22.0,18,10,8,0.556,14.83,2.56,6.33,0.404,0.72,3.06,0.235,0.33,0.72,0.458,0.44,1.11,1.56,0.94,0.94,0.33,0.22,0.5,1.33,0.89,6.39,-5.61
390,1642578,John Ukomadu,John,1612709932,MCC,23.0,30,17,13,0.567,16.75,2.53,4.63,0.546,1.0,2.17,0.461,0.17,0.37,0.459,1.23,1.73,2.97,0.4,0.9,0.77,0.67,0.13,1.77,0.53,6.37,2.5
391,1642516,"Kevin Cross, Jr.","Jr., Kevin",1612709908,RGV,24.0,33,20,13,0.606,12.54,2.64,5.48,0.482,0.18,1.06,0.17,0.52,0.73,0.712,1.12,2.79,3.91,0.45,0.85,0.3,0.27,0.64,1.39,0.88,6.36,-1.27
392,1630651,Romeo Weems,Romeo,1612709933,RCR,23.0,35,15,20,0.429,19.8,2.43,5.34,0.455,0.91,2.86,0.318,0.37,0.74,0.5,1.17,2.29,3.46,1.26,1.29,0.86,0.71,0.11,2.0,1.03,6.34,-1.26
393,1642558,Martez Brown,Martez,1612709911,IWA,24.0,41,16,25,0.39,20.43,2.8,4.41,0.635,0.05,0.2,0.25,0.37,0.78,0.474,2.0,4.2,6.2,0.95,0.66,1.0,0.76,0.66,2.85,1.22,6.29,-3.56
394,1628968,Brian Bowen II,Brian,1612709914,STO,26.0,31,19,12,0.613,17.45,2.42,4.42,0.548,0.52,1.45,0.359,0.48,0.61,0.787,1.0,3.23,4.23,1.19,1.16,0.42,0.26,0.32,1.23,0.74,6.26,-2.23
395,1630342,Trhae Mitchell,Trhae,1612709913,BHM,27.0,41,15,26,0.366,25.89,2.22,5.41,0.41,1.61,4.15,0.388,0.1,0.2,0.5,0.83,2.07,2.9,1.12,0.98,1.17,0.66,0.22,2.61,0.54,6.22,-5.46
396,1642385,Cui Yongxi,Cui,1612709921,LIN,21.0,10,2,8,0.2,16.85,1.8,5.6,0.321,1.2,2.8,0.429,0.6,0.8,0.75,0.6,2.0,2.6,1.2,1.4,0.6,0.4,0.8,1.2,0.8,6.2,-6.6
397,1642524,Kyle Rose,Kyle,1612709931,MXC,25.0,39,20,19,0.513,23.74,2.13,6.26,0.34,0.92,3.46,0.266,0.59,0.97,0.608,1.33,2.05,3.38,1.62,0.85,1.41,0.41,0.44,2.23,1.79,6.18,-0.95
398,1642588,Tommy Rutherford,Tommy,1612709932,MCC,28.0,17,9,8,0.529,17.66,2.71,4.65,0.583,0.0,0.06,0.0,0.47,0.65,0.723,2.12,2.65,4.76,0.65,0.29,0.18,0.47,0.24,1.76,1.24,6.18,3.06
399,1641799,Caleb McConnell,Caleb,1612709922,GBO,25.0,33,21,12,0.636,26.74,2.48,5.91,0.42,0.36,1.76,0.205,0.48,0.52,0.923,1.52,4.3,5.82,2.0,1.45,1.58,0.67,0.45,2.7,1.39,6.09,3.33
400,1642521,Philip Alston,Philip,1612709927,WIS,23.0,10,0,10,0.0,19.26,1.6,5.4,0.296,0.2,1.8,0.111,1.4,1.4,1.0,2.6,1.4,4.0,0.4,0.6,0.2,0.0,0.6,1.4,1.8,6.0,-4.6
401,1642128,Kihei Clark,Kihei,1612709931,MXC,25.0,14,0,14,0.0,16.48,2.29,3.57,0.641,0.86,0.86,1.0,0.29,0.43,0.674,0.0,1.0,1.0,2.57,2.14,0.14,0.14,0.14,1.71,0.71,6.0,-10.43
402,1642573,Jordan Minor,Jordan,1612709921,LIN,24.0,34,10,24,0.294,12.77,2.21,4.35,0.508,0.0,0.0,,0.91,1.09,0.835,1.74,1.79,3.53,0.44,0.62,0.18,0.44,0.53,1.12,1.29,6.0,-1.15
403,1631305,Akoldah Gak,Akoldah,1612709931,MXC,22.0,2,0,2,0.0,15.23,1.0,2.0,0.5,0.0,0.0,,2.0,2.0,1.0,0.0,3.0,3.0,0.0,3.0,0.0,1.0,0.0,3.0,3.0,6.0,-6.0
404,1642651,Cameron Parker,Cameron,1612709902,SCW,26.0,28,13,15,0.464,15.25,1.71,4.36,0.392,0.43,1.25,0.344,1.25,1.46,0.856,0.25,1.89,2.14,5.07,1.25,0.46,0.0,0.61,0.82,1.89,6.0,-0.54
405,1630791,James Banks III,James,1612709915,MNE,27.0,26,20,6,0.769,20.74,2.38,4.46,0.534,0.0,0.08,0.0,0.85,1.23,0.691,2.38,4.15,6.54,1.0,1.62,0.38,1.77,0.46,2.69,1.62,6.0,2.92
406,1630641,Ibou Badji,Ibou,1612709927,WIS,22.0,41,15,26,0.366,22.83,2.49,4.24,0.587,0.0,0.0,,0.54,1.0,0.54,1.27,4.1,5.37,0.61,1.07,0.56,3.68,0.2,2.95,1.98,5.98,-3.37
407,1642615,Tyreke Key,Tyreke,1612709920,RAP,26.0,33,10,23,0.303,20.2,2.15,4.48,0.48,1.12,2.61,0.429,0.42,0.64,0.656,0.58,1.52,2.09,1.42,0.55,0.58,0.24,0.18,2.52,1.52,5.97,-4.48
408,1642485,DJ Rodman,DJ,1612709915,MNE,23.0,23,15,8,0.652,21.4,2.17,4.78,0.454,1.04,2.39,0.435,0.35,0.7,0.5,1.35,3.96,5.3,1.35,0.91,0.61,0.17,0.39,1.91,1.57,5.91,1.43
409,1642505,Alex Ducas,Alex,1612709889,OKL,24.0,6,4,2,0.667,25.36,1.83,7.67,0.239,1.17,5.5,0.213,0.5,0.67,0.746,0.5,2.17,2.67,0.67,0.5,1.0,0.0,0.33,0.5,0.5,5.83,-3.0
410,1641848,Armaan Franklin,Armaan,1612709929,CPS,24.0,12,4,8,0.333,17.67,2.33,5.5,0.424,0.83,2.83,0.293,0.17,0.33,0.515,0.83,2.83,3.67,0.33,1.5,0.83,0.67,0.0,1.83,0.5,5.83,-8.17
411,1641992,Donald Carey,Donald,1612709915,MNE,25.0,22,14,8,0.636,16.04,2.09,5.36,0.39,0.82,3.23,0.254,0.45,0.59,0.763,0.68,1.5,2.18,1.23,0.64,0.64,0.09,0.18,0.82,1.0,5.82,-2.5
412,1641918,Patrick Gardner,Patrick,1612709925,OSC,25.0,31,14,17,0.452,13.11,2.13,4.68,0.455,0.39,1.26,0.31,0.68,0.77,0.883,1.35,3.16,4.52,0.68,0.65,0.16,0.58,0.35,1.26,1.03,5.77,-3.35
413,1642520,Justin Moore,Justin,1612709927,WIS,24.0,26,11,15,0.423,21.96,2.27,5.65,0.402,0.81,3.08,0.263,0.23,0.35,0.657,0.27,2.31,2.58,1.42,0.85,0.62,0.12,0.19,1.08,0.54,5.77,-6.23
414,1642499,Max Fiedler,Max,1612709918,TEX,24.0,31,15,16,0.484,16.62,2.29,3.58,0.64,0.16,0.26,0.615,0.52,0.94,0.553,2.13,3.71,5.84,2.52,1.29,0.55,0.74,0.45,1.52,1.58,5.68,-2.48
415,1642011,Terry Roberts,Terry,1612709921,LIN,24.0,46,24,22,0.522,24.28,2.13,5.78,0.369,0.61,1.91,0.319,0.48,0.91,0.527,0.52,3.13,3.65,4.78,2.09,1.3,0.57,0.61,2.57,1.04,5.65,2.87
416,1642481,Jamarion Sharp,Jamarion,1612709918,TEX,23.0,36,13,23,0.361,21.58,2.47,4.14,0.597,0.0,0.0,,0.44,0.92,0.478,2.42,4.86,7.28,0.89,1.25,0.64,3.14,0.36,2.06,1.78,5.64,-1.92
417,1642591,Jeremy Jones,Jeremy,1612709908,RGV,28.0,40,22,18,0.55,19.72,1.9,5.15,0.369,1.18,3.5,0.337,0.32,0.55,0.582,1.68,1.5,3.18,1.35,0.8,1.05,0.28,0.25,1.82,0.88,5.62,1.75
418,1642531,Joel Soriano,Joel,1612709922,GBO,25.0,35,22,13,0.629,17.89,1.94,3.94,0.492,0.0,0.0,,0.91,1.2,0.758,2.49,3.69,6.17,0.49,0.97,0.14,1.23,0.37,2.14,1.57,5.54,-1.11
419,1641788,Alex Fudge,Alex,1612709905,SBL,21.0,15,6,9,0.4,15.13,2.13,5.07,0.42,0.73,1.67,0.437,0.27,0.47,0.574,1.13,2.4,3.53,0.4,0.87,0.47,0.6,0.2,1.8,0.93,5.53,-3.33
420,1642053,Joirdon Nicholas,Joirdon,1612709905,SBL,25.0,23,8,15,0.348,12.7,2.3,4.65,0.495,0.04,0.26,0.154,0.52,1.09,0.477,1.43,1.91,3.35,0.43,1.09,0.3,0.35,0.48,2.09,1.83,5.52,-3.43
421,1642563,Osayi Osifo,Osayi,1612709890,AUS,24.0,29,19,10,0.655,20.53,2.28,3.52,0.648,0.0,0.0,,0.48,1.0,0.48,2.34,3.86,6.21,0.62,0.83,0.83,1.21,0.59,3.0,1.38,5.48,1.97
422,1641877,Nathan Mensah,Nathan,1612709890,AUS,26.0,24,18,6,0.75,21.05,2.33,3.83,0.608,0.0,0.17,0.0,0.5,0.67,0.746,2.67,4.33,7.0,0.5,1.17,0.75,2.08,0.42,2.33,1.67,5.42,3.42
423,1630318,Jordan Jackson,Jordan,1612709923,WCB,27.0,34,10,24,0.294,15.92,2.18,4.76,0.458,0.18,1.18,0.153,0.53,0.68,0.779,0.26,1.74,2.0,1.18,0.76,1.12,0.38,0.29,1.56,1.15,5.41,-2.32
424,1642517,Malik Hall,Malik,1612709932,MCC,24.0,20,14,6,0.7,18.52,1.9,3.65,0.521,0.0,0.15,0.0,0.95,1.45,0.655,1.95,2.45,4.4,0.95,1.15,0.45,0.55,0.45,1.9,1.5,5.35,3.1
425,1642696,Kameron Warrens,Kameron,1612709915,MNE,25.0,30,20,10,0.667,16.04,2.2,4.6,0.478,0.73,2.2,0.332,0.13,0.2,0.65,0.93,1.4,2.33,0.4,0.6,0.73,0.2,0.2,1.53,0.73,5.33,1.47
426,1642771,Will Brown,Will,1612709929,CPS,27.0,8,4,4,0.5,13.82,2.5,4.25,0.588,0.25,0.75,0.333,0.0,0.25,0.0,1.0,2.5,3.5,0.0,0.25,0.25,1.5,0.5,3.0,0.5,5.25,0.0
427,1630711,Olin Carter III,Olin,1612709934,VAL,28.0,24,14,10,0.583,12.05,1.71,5.62,0.304,1.21,3.92,0.309,0.29,0.38,0.763,0.25,1.0,1.25,0.83,0.46,0.21,0.33,0.29,1.33,0.58,5.21,-1.42
428,1642550,Xavier Johnson,Xavier,1612709904,SXF,25.0,20,8,12,0.4,17.33,1.45,4.55,0.319,0.2,0.75,0.267,1.3,1.6,0.812,0.75,1.45,2.2,3.95,1.9,0.6,0.1,0.85,2.05,2.4,5.15,-0.2
429,1642584,Jordan Lathon,Jordan,1612709924,SDC,25.0,35,18,17,0.514,19.09,1.97,5.74,0.343,0.8,2.71,0.295,0.2,0.46,0.435,0.77,1.71,2.49,2.17,1.03,0.69,0.34,0.43,2.66,0.71,5.11,1.71
430,1642679,Seth Maxwell,Seth,1612709902,SCW,26.0,32,15,17,0.469,18.75,2.31,4.47,0.517,0.0,0.22,0.0,0.28,0.38,0.737,2.78,2.88,5.66,0.75,1.16,0.28,1.25,0.38,2.38,0.97,5.09,-0.72
431,1641999,John Knight III,John,1612709908,RGV,25.0,37,20,17,0.541,16.33,1.95,3.86,0.505,0.11,0.41,0.268,0.62,0.89,0.697,1.03,1.68,2.7,2.49,1.35,1.3,0.43,0.57,2.03,1.24,5.0,3.81
432,203145,Kent Bazemore,Kent,1612709922,GBO,35.0,6,4,2,0.667,19.28,2.0,8.0,0.25,1.0,5.33,0.188,0.0,0.33,0.0,1.0,3.33,4.33,1.33,2.0,0.33,0.33,0.33,1.0,0.67,5.0,-11.33
433,1631400,Jamal Bieniemy,Jamal,1612709908,RGV,25.0,15,2,13,0.133,25.95,2.13,5.87,0.363,0.47,1.93,0.244,0.07,0.07,1.0,0.6,1.2,1.8,2.87,0.8,1.0,0.33,0.4,1.67,0.33,4.87,-5.0
434,1629955,Galen Robinson Jr.,Galen,1612709913,BHM,27.0,35,13,22,0.371,19.43,1.86,4.29,0.434,0.14,0.66,0.212,0.6,0.8,0.75,0.31,1.69,2.0,2.74,1.0,1.2,0.26,0.26,1.4,1.63,4.8,-2.54
435,1641920,Justin Powell,Justin,1612709918,TEX,23.0,22,8,14,0.364,17.19,1.64,4.32,0.38,1.14,2.95,0.386,0.18,0.18,1.0,0.32,1.68,2.0,1.73,0.55,0.5,0.27,0.09,0.95,0.41,4.73,-4.41
436,1641947,Myles Burns,Myles,1612709918,TEX,25.0,17,7,10,0.412,11.17,1.47,4.53,0.325,0.47,1.82,0.258,0.71,1.12,0.634,1.06,1.18,2.24,0.59,0.88,0.88,0.41,0.18,1.0,1.35,4.71,-1.76
437,1642442,Sy Chatman,Sy,1612709911,IWA,24.0,27,5,22,0.185,13.24,1.89,3.67,0.515,0.07,0.7,0.1,0.52,0.96,0.542,1.15,1.81,2.96,0.52,0.74,0.48,0.67,0.41,1.11,1.04,4.67,-1.22
438,1642561,Tre King,Tre,1612709890,AUS,25.0,27,19,8,0.704,15.65,1.67,4.52,0.369,0.89,2.59,0.344,0.26,0.37,0.703,1.19,1.81,3.0,0.56,0.59,0.48,0.11,0.26,1.85,0.7,4.67,-0.26
439,1642595,Ithiel Horton,Ithiel,1612709917,GRG,24.0,37,20,17,0.541,13.79,1.76,4.81,0.366,0.81,2.7,0.3,0.14,0.16,0.875,0.3,1.05,1.35,1.22,0.73,0.35,0.11,0.19,1.35,0.32,4.57,-3.65
440,1642567,Tommy Bruner,Tommy,1612709926,MHU,23.0,7,2,5,0.286,17.36,1.71,5.57,0.307,0.43,1.71,0.251,0.57,1.0,0.57,0.29,1.29,1.57,2.0,1.43,0.57,0.14,0.71,1.86,1.43,4.57,-7.29
441,1642606,Jalen Thomas,Jalen,1612709914,STO,24.0,27,10,17,0.37,13.19,1.81,3.52,0.514,0.22,0.59,0.373,0.37,0.56,0.661,1.22,2.33,3.56,0.63,0.56,0.48,0.59,0.3,1.7,1.04,4.56,-1.67
442,1642045,Devon Higgs,Devon,1612709922,GBO,25.0,25,14,11,0.56,14.46,1.8,3.8,0.474,0.36,1.44,0.25,0.36,0.52,0.692,0.28,2.2,2.48,1.12,0.88,0.84,0.52,0.28,1.84,0.76,4.48,3.88
443,1627208,Stephan Hicks,Stephan,1612709910,IMA,32.0,20,10,10,0.5,14.52,1.45,3.05,0.475,0.7,1.6,0.437,0.55,0.85,0.647,0.55,2.55,3.1,0.75,0.55,0.7,0.1,0.35,0.95,0.8,4.4,1.15
444,1629818,Jordan Murphy,Jordan,1612709931,MXC,28.0,10,6,4,0.6,17.77,1.4,4.0,0.35,0.0,0.4,0.0,0.8,2.0,0.4,2.8,3.0,5.8,0.6,0.6,0.8,0.4,0.8,2.2,3.2,4.4,-6.8
445,1642044,"Emmitt Matthews, Jr.","Jr., Emmitt",1612709929,CPS,25.0,16,12,4,0.75,12.01,1.88,3.88,0.485,0.38,1.62,0.235,0.12,0.38,0.316,1.62,1.25,2.88,0.62,0.25,0.25,0.25,0.25,2.5,0.88,4.38,-0.5
446,1641830,Abdullah Ahmed,Abdullah,1612709919,WES,21.0,22,12,10,0.545,19.01,2.0,4.41,0.454,0.0,0.27,0.0,0.18,0.86,0.209,2.14,3.95,6.09,0.95,0.95,0.27,2.59,0.86,3.09,1.45,4.36,-1.41
447,1642475,William Baker,William,1612709911,IWA,24.0,24,5,19,0.208,9.49,1.75,3.42,0.512,0.25,0.75,0.333,0.33,0.54,0.611,0.75,1.46,2.21,0.46,1.04,0.08,0.29,0.33,1.54,0.67,4.33,-6.67
448,1642446,RaeQuan Battle,RaeQuan,1612709922,GBO,24.0,14,8,6,0.571,11.29,1.43,3.5,0.409,0.86,1.93,0.446,0.21,0.21,1.0,0.21,1.07,1.29,0.29,0.21,0.36,0.29,0.07,1.21,0.57,4.21,-0.86
449,1642496,Ibrahima Diallo,Ibrahima,1612709890,AUS,25.0,27,21,6,0.778,16.22,1.56,2.96,0.527,0.0,0.04,0.0,0.59,0.85,0.694,2.07,3.19,5.26,0.19,0.7,0.26,1.74,0.33,2.3,1.22,4.19,4.89
450,1642640,Justin Harmon,Justin,1612709903,SLC,23.0,22,10,12,0.455,8.99,1.36,3.55,0.383,0.5,1.5,0.333,0.55,0.59,0.932,0.32,1.14,1.45,1.59,0.82,0.5,0.23,0.32,0.91,0.55,4.14,-2.09
451,1641934,David Singleton,David,1612709929,CPS,26.0,29,15,14,0.517,18.47,1.41,3.24,0.435,0.86,2.14,0.402,0.24,0.34,0.706,0.55,1.31,1.86,1.0,0.38,0.48,0.24,0.14,1.72,0.66,4.1,0.34
452,1629993,Kaleb Johnson,Kaleb,1612709934,VAL,28.0,25,14,11,0.56,13.14,1.8,2.48,0.726,0.04,0.08,0.5,0.32,1.0,0.32,1.0,2.0,3.0,0.68,0.8,0.64,0.32,0.24,1.48,1.12,4.08,-0.84
453,1641988,Luke Avdalovic,Luke,1612709890,AUS,26.0,30,20,10,0.667,13.29,1.37,4.5,0.304,1.3,4.0,0.325,0.0,0.07,0.0,0.27,0.9,1.17,0.4,0.33,0.33,0.07,0.07,0.7,0.17,4.03,-1.4
454,1641792,Joey Hauser,Joey,1612709929,CPS,25.0,39,21,18,0.538,17.4,1.44,3.64,0.396,0.82,2.59,0.317,0.21,0.23,0.913,0.85,2.67,3.51,0.95,0.9,0.49,0.18,0.15,2.15,0.62,4.0,-2.21
455,1642654,Bobby Planutis,Bobby,1612709905,SBL,27.0,6,0,6,0.0,24.86,1.0,5.0,0.2,0.33,2.67,0.124,1.0,1.33,0.752,0.0,2.0,2.0,1.67,1.0,0.67,0.33,0.67,2.67,1.33,4.0,6.0
456,1628395,Jordan Bell,Jordan,1612709910,IMA,30.0,4,0,4,0.0,15.77,1.5,3.5,0.429,0.5,1.5,0.333,0.5,0.5,1.0,0.0,4.5,4.5,4.0,3.0,0.0,2.0,0.5,1.0,1.0,4.0,2.0
457,1629729,Josh Reaves,Josh,1612709908,RGV,27.0,27,17,10,0.63,13.37,1.41,3.52,0.401,0.48,1.44,0.333,0.37,0.59,0.627,0.37,1.04,1.41,1.15,1.04,1.11,0.22,0.26,1.59,1.19,3.96,0.33
458,1630321,Nate Pierre-Louis,Nate,1612709934,VAL,26.0,8,5,3,0.625,13.5,1.62,3.12,0.519,0.12,0.75,0.16,0.25,0.5,0.5,0.75,1.5,2.25,1.38,0.75,0.62,0.25,0.38,1.62,1.0,3.88,1.12
459,1642465,Tylor Perry,Tylor,1612709920,RAP,24.0,24,8,16,0.333,11.32,0.92,2.67,0.345,0.79,2.25,0.351,0.75,0.88,0.852,0.21,0.75,0.96,1.33,0.42,0.67,0.17,0.04,1.42,1.21,3.83,1.17
460,1642619,Sean McNeil,Sean,1612709893,CLC,26.0,24,10,14,0.417,13.48,1.17,3.21,0.364,0.92,2.46,0.374,0.29,0.38,0.763,0.33,0.62,0.96,0.58,0.54,0.5,0.04,0.21,0.75,0.46,3.83,-2.67
461,1642072,Isaih Moore,Isaih,1612709922,GBO,24.0,26,16,10,0.615,10.66,1.69,2.92,0.579,0.0,0.23,0.0,0.23,0.69,0.333,2.38,2.38,4.77,0.38,0.54,0.15,0.46,0.46,1.31,1.08,3.77,3.46
462,1642701,Garrett Denbow,Garrett,1612709918,TEX,24.0,22,11,11,0.5,11.77,1.41,3.95,0.357,0.86,2.59,0.332,0.05,0.14,0.357,0.41,0.73,1.14,0.23,0.18,0.14,0.05,0.18,0.86,0.14,3.73,-3.41
463,1642038,Yor Anei,Yor,1612709923,WCB,25.0,21,5,16,0.238,9.45,1.33,2.86,0.465,0.29,0.57,0.509,0.43,0.62,0.694,0.95,1.05,2.0,0.38,0.48,0.57,0.81,0.33,2.05,1.14,3.71,-0.48
464,1626217,Chris Walker,Chris,1612709925,OSC,30.0,19,10,9,0.526,12.4,1.37,2.58,0.531,0.0,0.11,0.0,0.53,0.68,0.779,1.68,2.58,4.26,0.47,0.79,0.37,0.63,0.11,1.53,0.95,3.68,-1.89
465,1628698,Eric Washington,Eric,1612709934,VAL,31.0,18,9,9,0.5,16.37,1.17,4.5,0.26,0.39,2.17,0.18,0.56,0.61,0.918,0.44,1.61,2.06,4.33,2.0,0.56,0.17,0.61,1.28,1.33,3.67,-5.17
466,1631462,A.J. Reeves,A.J.,1612709913,BHM,25.0,17,9,8,0.529,8.88,1.18,3.53,0.334,0.82,2.59,0.317,0.24,0.29,0.828,0.35,1.0,1.35,0.71,0.29,0.18,0.06,0.18,0.88,0.41,3.53,-1.29
467,1631379,Reginald Kissoonlal,Reginald,1612709932,MCC,28.0,21,11,10,0.524,8.01,1.1,3.33,0.33,0.86,2.76,0.312,0.29,0.29,1.0,0.52,1.48,2.0,0.29,0.48,0.19,0.38,0.05,1.05,0.71,3.52,-1.1
468,1642597,Deante Johnson,Deante,1612709917,GRG,24.0,31,16,15,0.516,11.08,1.26,2.35,0.536,0.0,0.03,0.0,0.55,0.74,0.743,1.0,1.16,2.16,0.71,0.39,0.35,0.48,0.32,1.26,0.94,3.48,-3.68
469,1641893,Kevin Obanor,Kevin,1612709921,LIN,25.0,26,6,20,0.231,11.16,1.31,2.54,0.516,0.12,0.58,0.207,0.38,0.77,0.494,1.15,2.42,3.58,0.42,0.54,0.38,0.08,0.27,1.54,1.0,3.35,-1.15
470,1642235,Xavier Pinson,Xavier,1612709925,OSC,24.0,12,8,4,0.667,14.82,1.33,3.33,0.399,0.33,1.33,0.248,0.33,0.33,1.0,0.67,1.0,1.67,2.17,0.5,0.17,0.0,0.17,0.5,0.5,3.33,-0.5
471,1642428,KJ Jones II,KJ,1612709914,STO,23.0,19,4,15,0.211,14.16,1.11,2.58,0.43,0.42,0.89,0.472,0.37,0.42,0.881,0.58,0.79,1.37,0.74,0.68,0.21,0.11,0.26,1.42,0.89,3.32,-2.74
472,1630767,Loudon Love,Loudon,1612709920,RAP,26.0,26,15,11,0.577,10.23,1.46,2.46,0.593,0.12,0.23,0.522,0.19,0.46,0.413,1.27,1.35,2.62,0.73,0.96,0.38,0.27,0.12,1.38,1.12,3.31,-2.42
473,1641862,Yauhen Massalski,Yauhen,1612709924,SDC,25.0,24,11,13,0.458,11.41,1.5,2.88,0.521,0.0,0.25,0.0,0.17,0.5,0.34,2.04,2.29,4.33,0.83,0.67,0.62,0.38,0.21,1.54,0.67,3.29,-1.17
474,1631485,Chase Jeter,Chase,1612709928,CCG,27.0,16,12,4,0.75,7.26,1.12,2.0,0.56,0.0,0.0,,0.62,1.0,0.62,0.88,0.75,1.62,0.12,0.62,0.0,0.5,0.0,1.25,0.88,3.25,0.5
475,1642631,Cheikh Mbacke Diong,Cheikh Mbacke,1612709902,SCW,25.0,16,8,8,0.5,14.41,1.38,2.5,0.552,0.0,0.0,,0.25,0.31,0.806,1.75,2.81,4.56,0.5,1.12,0.25,0.69,0.38,2.06,0.62,3.25,-2.69
476,1642028,Kaiden Rice,Kaiden,1612709919,WES,25.0,15,8,7,0.533,8.96,1.2,4.13,0.291,0.8,3.4,0.235,0.0,0.0,,0.27,0.93,1.2,0.27,0.33,0.13,0.0,0.13,0.4,0.07,3.2,-4.27
477,1642551,Keisei Tominaga,Keisei,1612709910,IMA,24.0,21,11,10,0.524,7.61,1.1,2.71,0.406,0.67,1.76,0.381,0.19,0.24,0.792,0.1,0.52,0.62,0.19,0.43,0.0,0.1,0.1,0.57,0.38,3.19,-0.71
478,1642764,Alex Gil-Fernandez,Alex,1612709902,SCW,26.0,12,4,8,0.333,14.98,1.0,2.33,0.429,0.67,1.5,0.447,0.33,0.5,0.66,1.0,0.67,1.67,0.83,0.67,0.5,0.5,0.33,2.0,0.67,3.17,-2.83
479,1629800,Kavion Pippen,Kavion,1612709915,MNE,28.0,13,8,5,0.615,8.56,1.46,2.38,0.613,0.08,0.31,0.258,0.08,0.23,0.348,1.46,0.92,2.38,0.31,0.38,0.15,0.31,0.0,1.31,0.54,3.08,-0.08
480,1642693,Jaylan Gainey,Jaylan,1612709903,SLC,25.0,23,13,10,0.565,11.82,1.43,2.22,0.644,0.0,0.0,,0.09,0.39,0.231,1.04,2.09,3.13,0.7,0.74,0.35,1.43,0.0,1.43,0.57,3.04,-2.04
481,1642514,Warren Washington,Warren,1612709904,SXF,25.0,28,20,8,0.714,12.46,1.36,2.32,0.586,0.0,0.0,,0.18,0.39,0.462,1.11,2.75,3.86,0.39,0.57,0.39,1.07,0.36,1.57,0.79,3.04,-2.61
482,203503,Tony Snell,Tony,1612709904,SXF,33.0,12,6,6,0.5,11.76,1.08,2.08,0.519,0.83,1.67,0.497,0.0,0.0,,0.25,1.5,1.75,1.0,0.17,0.42,0.17,0.17,0.67,0.17,3.0,-1.58
483,1642552,Tyler Polley,Tyler,1612709904,SXF,25.0,17,9,8,0.529,8.83,1.12,2.41,0.465,0.29,1.12,0.259,0.35,0.59,0.593,0.59,0.94,1.53,0.29,0.29,0.35,0.18,0.12,0.88,0.65,3.0,1.88
484,1642612,Chandler Lawson,Chandler,1612709926,MHU,24.0,2,2,0,1.0,9.05,1.0,1.0,1.0,1.0,1.0,1.0,0.0,0.0,,0.0,1.0,1.0,0.0,0.0,0.0,0.0,0.0,0.0,0.0,3.0,6.0
485,1642500,Jack Gohlke,Jack,1612709932,MCC,25.0,40,16,24,0.4,11.11,1.0,2.9,0.345,0.95,2.7,0.352,0.05,0.05,1.0,0.2,1.35,1.55,1.0,0.55,0.2,0.05,0.15,0.45,0.15,3.0,0.3
486,1642667,Steven Richardson,Steven,1612709889,OKL,24.0,4,3,1,0.75,7.52,1.0,2.0,0.5,0.75,1.5,0.5,0.25,0.75,0.333,0.25,0.75,1.0,0.0,0.75,0.5,0.0,0.0,0.25,0.5,3.0,-5.5
487,196295215,Alex Gil-Fernandez,Alex,1612709902,SCW,30.0,4,2,2,0.5,6.68,1.5,2.5,0.6,0.0,1.0,0.0,0.0,0.0,,0.5,1.0,1.5,0.0,0.5,0.0,0.0,0.0,1.0,0.5,3.0,-5.5
488,1642544,Darin Green,Darin,1612709903,SLC,24.0,2,0,2,0.0,9.18,1.0,5.0,0.2,1.0,5.0,0.2,0.0,0.0,,0.0,1.0,1.0,1.0,0.0,0.0,0.0,0.0,1.0,0.0,3.0,-3.0
489,1628579,Taylor Braun,Taylor,1612709923,WCB,33.0,2,0,2,0.0,8.33,1.0,2.0,0.5,1.0,2.0,0.5,0.0,0.0,,0.0,2.0,2.0,1.0,0.0,2.0,0.0,0.0,2.0,0.0,3.0,15.0
490,1642583,Drew Cisse,Drew,1612709924,SDC,24.0,34,18,16,0.529,13.38,1.38,2.24,0.616,0.0,0.03,0.0,0.15,0.35,0.429,2.09,3.15,5.24,0.94,0.71,0.62,0.76,0.18,2.74,0.44,3.0,0.0
491,1642249,Joey Baker,Joey,1612709917,GRG,24.0,16,7,9,0.438,7.35,1.12,3.38,0.331,0.56,2.25,0.249,0.06,0.19,0.316,0.5,0.69,1.19,0.56,0.81,0.12,0.06,0.12,1.19,0.31,2.94,-1.75
492,1628387,Ike Anigbogu,Ike,1612709913,BHM,26.0,33,13,20,0.394,9.98,1.27,2.58,0.492,0.0,0.12,0.0,0.24,0.45,0.533,2.27,2.21,4.48,0.24,0.82,0.15,1.06,0.12,1.36,0.97,2.94,-2.0
493,1629792,Gabe Levin,Gabe,1612709914,STO,30.0,16,9,7,0.562,11.5,1.19,2.25,0.529,0.0,0.06,0.0,0.31,0.88,0.352,1.69,2.06,3.75,0.88,0.69,0.31,0.56,0.19,1.62,1.19,2.88,-0.88
494,1642565,Parker Van Dyke,Parker,1612709890,AUS,30.0,21,17,4,0.81,7.31,1.05,3.14,0.334,0.62,2.29,0.271,0.05,0.05,1.0,0.33,0.62,0.95,0.71,0.24,0.05,0.0,0.14,0.67,0.24,2.86,-0.38
495,1642572,Frankie Policelli,Frankie,1612709921,LIN,24.0,22,2,20,0.091,10.97,1.09,2.73,0.399,0.45,2.0,0.225,0.18,0.18,1.0,0.55,1.27,1.82,0.55,0.45,0.27,0.55,0.0,0.82,0.27,2.82,1.82
496,1642676,Trae Hannibal,Trae,1612709932,MCC,24.0,20,12,8,0.6,8.66,0.8,1.6,0.5,0.0,0.0,,0.7,1.2,0.583,0.2,0.6,0.8,1.2,0.8,0.8,0.1,0.2,1.3,1.2,2.8,-2.2
497,1642643,Nicholas Robinson,Nicholas,1612709913,BHM,26.0,10,2,8,0.2,7.75,1.0,3.0,0.333,0.4,1.4,0.286,0.4,0.4,1.0,0.2,0.2,0.4,0.4,0.4,0.4,0.2,0.2,0.6,0.4,2.8,-3.2
498,1641909,Walter Ellis,Walter,1612709911,IWA,25.0,32,11,21,0.344,13.99,0.97,3.53,0.275,0.69,2.91,0.237,0.09,0.16,0.562,0.06,1.22,1.28,1.0,0.59,0.19,0.44,0.09,1.38,0.22,2.78,-2.91
499,1642071,Sam Peek,Sam,1612709932,MCC,25.0,24,13,11,0.542,9.92,0.92,2.29,0.402,0.38,1.08,0.352,0.29,0.42,0.69,0.58,1.29,1.88,0.79,0.46,0.42,0.25,0.25,1.08,0.54,2.75,3.5
500,1642522,Devine Eke,Devine,1612709924,SDC,28.0,7,1,6,0.143,13.48,1.14,2.86,0.399,0.14,0.86,0.163,0.14,1.0,0.14,0.86,2.29,3.14,0.71,0.86,0.71,0.0,0.29,0.71,0.86,2.71,-7.0
501,1642697,Nick Muszynski,Nick,1612709933,RCR,26.0,13,4,9,0.308,12.47,1.08,2.0,0.54,0.0,0.23,0.0,0.31,0.46,0.674,0.77,2.08,2.85,0.92,0.62,0.08,0.31,0.15,1.62,0.69,2.69,-1.77
502,1631236,Kok Yat,Kok,1612709918,TEX,21.0,26,7,19,0.269,9.54,0.92,2.81,0.327,0.5,1.73,0.289,0.19,0.31,0.613,0.12,0.81,0.92,0.19,0.58,0.08,0.08,0.19,0.73,0.27,2.65,-1.46
503,1631395,London Johnson,London,1612709893,CLC,20.0,19,8,11,0.421,12.08,0.79,2.63,0.3,0.47,1.16,0.405,0.32,0.32,1.0,0.32,0.53,0.84,1.63,0.89,0.63,0.11,0.11,1.95,0.68,2.63,-1.11
504,1642669,Shakur Daniel,Shakur,1612709924,SDC,25.0,19,8,11,0.421,20.05,0.74,2.95,0.251,0.26,1.26,0.206,0.42,0.68,0.618,0.79,1.42,2.21,2.05,0.84,0.68,0.11,0.32,2.58,1.84,2.53,-2.16
505,1642622,Quinn Slazinski,Quinn,1612709927,WIS,24.0,4,0,4,0.0,8.27,0.5,1.5,0.333,0.5,1.0,0.5,0.5,1.0,0.5,0.5,0.0,0.5,0.5,0.0,0.0,0.0,0.5,1.0,1.0,2.5,-9.0
506,1630272,E.J. Montgomery,E.J.,1612709913,BHM,25.0,31,9,22,0.29,11.84,1.1,2.55,0.431,0.03,0.13,0.231,0.13,0.26,0.5,1.52,2.0,3.52,0.71,0.61,0.35,0.48,0.32,1.52,0.32,2.48,-2.52
507,1629666,Charles Matthews,Charles,1612709926,MHU,28.0,18,12,6,0.667,7.85,1.0,2.44,0.41,0.11,0.78,0.141,0.22,0.22,1.0,0.33,0.89,1.22,0.33,0.33,0.33,0.0,0.44,0.44,0.11,2.33,-1.0
508,1642412,Isaac Nogues,Isaac,1612709933,RCR,21.0,34,14,20,0.412,19.1,0.79,1.76,0.449,0.15,0.5,0.3,0.26,0.56,0.464,1.53,3.26,4.79,3.56,1.5,1.82,0.15,0.15,2.03,1.09,2.15,1.24
509,1642593,Robert Ford,Robert,1612709908,RGV,25.0,18,10,8,0.556,7.39,0.56,2.28,0.246,0.33,1.61,0.205,0.5,0.61,0.82,0.33,0.56,0.89,1.44,0.83,0.67,0.06,0.0,1.33,0.89,2.11,-2.44
510,1642492,Kamani Johnson,Kamani,1612709926,MHU,26.0,32,16,16,0.5,9.26,0.75,1.59,0.472,0.19,0.53,0.358,0.22,0.47,0.468,1.16,1.09,2.25,0.81,0.38,0.41,0.22,0.19,1.5,1.16,2.09,1.53
511,1642678,Chris Martin,Chris,1612709922,GBO,26.0,6,4,2,0.667,9.31,0.67,2.0,0.335,0.33,0.67,0.493,0.33,0.67,0.493,0.0,0.67,0.67,0.0,0.67,0.33,0.33,0.33,1.33,1.33,2.0,3.0
512,1642625,Sahvir Wheeler,Sahvir,1612709927,WIS,24.0,8,2,6,0.25,16.4,0.75,3.25,0.231,0.0,0.75,0.0,0.25,0.5,0.5,0.75,0.5,1.25,4.75,2.0,0.75,0.0,0.0,1.25,1.0,2.0,-8.25
513,1642576,Keyon Menifield,Keyon,1612709918,TEX,22.0,4,0,4,0.0,5.75,0.5,3.0,0.167,0.5,1.5,0.333,0.5,0.5,1.0,0.0,1.0,1.0,0.5,0.5,0.0,0.0,0.0,0.5,1.0,2.0,-0.5
514,1642122,Olisa Akonobi,Olisa,1612709905,SBL,25.0,2,2,0,1.0,12.43,1.0,3.0,0.333,0.0,0.0,,0.0,0.0,,2.0,2.0,4.0,1.0,0.0,0.0,1.0,0.0,1.0,0.0,2.0,-3.0
515,1642752,Rodrigo Dominguez,Rodrigo,1612709931,MXC,24.0,12,8,4,0.667,7.04,0.67,1.83,0.366,0.33,0.83,0.398,0.17,0.33,0.515,0.17,0.67,0.83,0.33,0.17,0.17,0.17,0.33,0.17,0.17,1.83,2.33
516,1642052,Joey Calcaterra,Joey,1612709902,SCW,26.0,16,6,10,0.375,7.88,0.62,2.0,0.31,0.31,1.06,0.292,0.19,0.25,0.76,0.19,0.75,0.94,0.5,0.44,0.31,0.06,0.06,0.62,0.31,1.81,-5.38
517,1631436,Gabe Osabuohien,Gabe,1612709893,CLC,26.0,27,11,16,0.407,9.68,0.44,1.37,0.321,0.0,0.11,0.0,0.41,0.74,0.554,0.89,1.07,1.96,1.85,1.07,0.44,0.37,0.15,2.07,1.15,1.67,-1.3
518,1642021,K.C. Ndefo,K.C.,1612709905,SBL,25.0,14,4,10,0.286,5.96,0.57,1.0,0.57,0.43,0.43,1.0,0.0,0.0,,0.29,1.14,1.43,0.57,0.57,0.14,0.14,0.14,1.0,0.0,1.57,-2.71
519,1629203,Jemerrio Jones,Jemerrio,1612709925,OSC,29.0,9,4,5,0.444,11.34,0.78,1.78,0.438,0.0,0.44,0.0,0.0,0.11,0.0,1.33,1.67,3.0,0.89,0.78,0.56,0.33,0.0,1.89,0.33,1.56,1.11
520,1630732,Lacey James,Lacey,1612709920,RAP,28.0,8,0,8,0.0,4.98,0.75,1.25,0.6,0.0,0.25,0.0,0.0,0.0,,0.25,0.5,0.75,0.25,0.5,0.5,0.0,0.25,0.5,0.0,1.5,0.0
521,1642670,Tae Williams,Tae,1612709903,SLC,24.0,6,6,0,1.0,3.12,0.67,1.67,0.401,0.0,0.0,,0.0,0.0,,0.0,0.33,0.33,0.67,0.67,0.0,0.0,0.33,0.0,0.0,1.33,0.67
522,1642609,Babatunde Akingbola,Babatunde,1612709918,TEX,25.0,12,3,9,0.25,10.1,0.5,0.75,0.667,0.0,0.0,,0.17,0.25,0.68,0.92,0.92,1.83,0.33,0.67,0.17,0.25,0.0,1.33,0.58,1.25,-2.42
523,1642665,Matt Norman,Matt,1612709918,TEX,24.0,4,2,2,0.5,4.54,0.5,2.0,0.25,0.0,1.5,0.0,0.0,0.0,,0.5,1.0,1.5,0.5,1.0,0.0,0.5,0.0,0.5,0.0,1.0,-6.0
524,1628393,Jawun Evans,Jawun,1612709915,MNE,28.0,8,4,4,0.5,16.79,0.5,2.75,0.182,0.0,0.5,0.0,0.0,0.0,,0.0,2.25,2.25,3.5,1.0,0.75,0.25,0.25,0.5,0.25,1.0,-1.25
525,196295201,Rodrigo  Dominguez,Rodrigo ,1612709931,MXC,30.0,2,2,0,1.0,5.02,0.0,0.0,,0.0,0.0,,1.0,2.0,0.5,0.0,0.0,0.0,0.0,0.0,0.0,0.0,0.0,2.0,1.0,1.0,-8.0
526,1642644,Gregory Hammond,Gregory,1612709913,BHM,23.0,14,4,10,0.286,4.37,0.43,1.43,0.301,0.14,0.71,0.197,0.0,0.0,,0.14,0.57,0.71,0.14,0.29,0.29,0.14,0.14,0.43,0.0,1.0,0.43
527,1642431,Josh Pierre-Louis,Josh,1612709903,SLC,23.0,8,5,3,0.625,4.27,0.38,1.0,0.38,0.0,0.38,0.0,0.0,0.0,,0.25,0.38,0.62,0.5,0.38,0.5,0.12,0.0,0.38,0.12,0.75,-2.88
528,204105,Jordan Swing,Jordan,1612709913,BHM,34.0,8,6,2,0.75,4.75,0.25,1.0,0.25,0.25,1.0,0.25,0.0,0.0,,0.0,1.25,1.25,0.25,0.75,0.0,0.0,0.0,0.5,0.0,0.75,-0.75
529,1642395,Jalen Lewis,Jalen,1612709927,WIS,19.0,19,5,14,0.263,6.0,0.26,0.68,0.382,0.16,0.26,0.615,0.0,0.0,,0.26,0.63,0.89,0.16,0.11,0.16,0.05,0.0,1.05,0.05,0.68,-0.21
530,1642702,Daniel Onwenu,Daniel,1612709931,MXC,22.0,6,2,4,0.333,5.03,0.33,2.0,0.165,0.0,1.0,0.0,0.0,0.0,,0.0,0.33,0.33,0.33,0.0,0.0,0.0,0.0,0.67,0.0,0.67,-3.0
531,1642540,Dakota Rivers,Dakota,1612709918,TEX,23.0,13,5,8,0.385,5.38,0.23,1.0,0.23,0.0,0.38,0.0,0.08,0.08,1.0,0.46,0.92,1.38,0.08,0.15,0.08,0.08,0.08,0.31,0.08,0.62,-2.54
532,1642698,Kenny Nwuba,Kenny,1612709902,SCW,25.0,2,0,2,0.0,6.85,0.0,0.0,,0.0,0.0,,0.0,1.0,0.0,0.0,0.0,0.0,0.0,0.0,0.0,0.0,0.0,0.0,0.0,0.0,9.0
533,1641570,Vance Jackson,Vance,1612709920,RAP,27.0,2,0,2,0.0,7.92,0.0,2.0,0.0,0.0,2.0,0.0,0.0,0.0,,0.0,1.0,1.0,1.0,0.0,0.0,0.0,0.0,0.0,0.0,0.0,12.0
534,1642541,Jayden Hardaway,Jayden,1612709928,CCG,25.0,4,2,2,0.5,2.56,0.0,0.0,,0.0,0.0,,0.0,0.0,,0.0,0.0,0.0,0.0,0.0,0.0,0.0,0.0,0.0,0.0,0.0,-0.5
535,1642070,Bryce Golden,Bryce,1612709919,WES,25.0,6,2,4,0.333,3.39,0.0,0.0,,0.0,0.0,,0.0,0.0,,0.33,0.0,0.33,0.0,0.67,0.0,0.0,0.0,0.67,0.0,0.0,-9.67
536,1642570,J.Z. Zaher,J.Z.,1612709909,DEL,20.0,2,0,2,0.0,0.58,0.0,1.0,0.0,0.0,0.0,,0.0,0.0,,0.0,0.0,0.0,0.0,0.0,0.0,0.0,0.0,0.0,0.0,0.0,1.0
537,196295206,Kameron Warrens,Kameron,1612709915,MNE,30.0,2,0,2,0.0,7.17,0.0,1.0,0.0,0.0,0.0,,0.0,0.0,,1.0,1.0,2.0,0.0,0.0,0.0,0.0,0.0,0.0,1.0,0.0,1.0
538,1631372,Nate Roberts,Nate,1612709921,LIN,25.0,4,0,4,0.0,10.34,0.0,1.0,0.0,0.0,0.5,0.0,0.0,0.5,0.0,0.5,2.0,2.5,0.5,0.5,0.5,0.5,0.0,2.5,1.0,0.0,-7.5
