,Player,Team,PLAYER_ID,PTS2,xPTS2,FG2_PCT,Shot_Making2,Points_Added2,PTS3,xPTS3,FG3_PCT,Shot_Making3,Points_Added3,PTS,xPTS,eFG,xeFG,Shot_Making,Points_Added
0,LeBron James,Los Angeles Lakers,2544,812.0,730.64,0.578,0.116,81.36,381.0,337.24,0.394,0.136,43.76,1193,1067.88,0.583,0.521,0.122,125.1
1,Chris Paul,San Antonio Spurs,101108,154.0,141.24,0.5,0.083,12.76,321.0,305.9,0.368,0.052,15.1,475,447.16,0.534,0.502,0.063,27.8
2,Kyle Lowry,Philadelphia 76ers,200768,22.0,27.16,0.393,-0.184,-5.16,84.0,89.07,0.337,-0.061,-5.07,106,116.23,0.477,0.524,-0.092,-10.2
3,Kevin Durant,Phoenix Suns,201142,732.0,578.63,0.586,0.245,153.37,387.0,320.29,0.407,0.21,66.71,1119,898.94,0.594,0.477,0.234,220.1
4,Al Horford,Boston Celtics,201143,118.0,133.55,0.541,-0.143,-15.55,252.0,270.36,0.354,-0.077,-18.36,370,403.89,0.535,0.584,-0.098,-33.9
5,Mike Conley,Minnesota Timberwolves,201144,88.0,123.28,0.358,-0.287,-35.28,309.0,275.9,0.404,0.13,33.1,397,399.17,0.525,0.528,-0.006,-2.2
6,Jeff Green,Houston Rockets,201145,54.0,36.07,0.771,0.512,17.93,51.0,55.64,0.333,-0.091,-4.64,105,91.7,0.61,0.533,0.155,13.3
7,Russell Westbrook,Denver Nuggets,201566,412.0,431.49,0.528,-0.05,-19.49,195.0,225.27,0.327,-0.152,-30.27,607,656.77,0.515,0.558,-0.084,-49.8
8,Kevin Love,Miami Heat,201567,34.0,56.1,0.354,-0.46,-22.1,72.0,71.39,0.369,0.009,0.61,106,127.47,0.469,0.564,-0.19,-21.5
9,Eric Gordon,Philadelphia 76ers,201569,62.0,71.7,0.463,-0.145,-9.7,168.0,153.96,0.409,0.102,14.04,230,225.66,0.564,0.553,0.021,4.3
10,Brook Lopez,Milwaukee Bucks,201572,356.0,334.15,0.612,0.075,21.85,333.0,344.56,0.362,-0.038,-11.56,689,678.72,0.576,0.567,0.017,10.3
11,Nicolas Batum,LA Clippers,201587,26.0,36.06,0.433,-0.335,-10.06,195.0,181.22,0.404,0.086,13.78,221,217.28,0.579,0.569,0.019,3.7
12,DeAndre Jordan,Denver Nuggets,201599,138.0,135.1,0.657,0.028,2.9,0.0,0.0,0.0,0.0,0.0,138,135.1,0.657,0.643,0.028,2.9
13,James Harden,LA Clippers,201935,436.0,469.52,0.455,-0.07,-33.52,549.0,510.07,0.341,0.072,38.93,985,979.59,0.485,0.482,0.005,5.4
14,Stephen Curry,Golden State Warriors,201939,384.0,373.34,0.529,0.029,10.66,732.0,621.21,0.402,0.183,110.79,1116,994.53,0.575,0.513,0.125,121.5
15,DeMar DeRozan,Sacramento Kings,201942,804.0,699.36,0.513,0.133,104.64,180.0,181.76,0.345,-0.01,-1.76,984,881.11,0.514,0.46,0.107,102.9
16,Jrue Holiday,Boston Celtics,201950,212.0,208.62,0.558,0.018,3.38,243.0,255.54,0.345,-0.053,-12.54,455,464.15,0.535,0.546,-0.022,-9.1
17,Paul George,Philadelphia 76ers,202331,296.0,284.38,0.493,0.039,11.62,285.0,268.4,0.357,0.062,16.6,581,552.79,0.513,0.488,0.05,28.2
18,Kyrie Irving,Dallas Mavericks,202681,604.0,572.2,0.52,0.055,31.8,390.0,340.16,0.389,0.149,49.84,994,912.37,0.543,0.499,0.089,81.6
19,Jonas Valanciunas,Sacramento Kings,202685,550.0,542.44,0.577,0.016,7.56,24.0,36.06,0.258,-0.389,-12.06,574,578.49,0.565,0.569,-0.009,-4.5
20,Klay Thompson,Dallas Mavericks,202691,232.0,251.31,0.444,-0.074,-19.31,549.0,476.8,0.4,0.158,72.2,781,728.12,0.543,0.506,0.074,52.9
21,Alec Burks,Miami Heat,202692,36.0,46.59,0.375,-0.221,-10.59,159.0,136.8,0.417,0.175,22.2,195,183.41,0.557,0.524,0.066,11.6
22,Kawhi Leonard,LA Clippers,202695,248.0,241.13,0.508,0.028,6.87,129.0,124.38,0.364,0.039,4.62,377,365.49,0.521,0.505,0.032,11.5
23,Nikola Vucevic,Chicago Bulls,202696,680.0,646.1,0.599,0.06,33.9,297.0,293.16,0.387,0.015,3.84,977,939.26,0.593,0.57,0.046,37.7
24,Tobias Harris,Detroit Pistons,202699,494.0,472.52,0.542,0.047,21.48,228.0,245.13,0.341,-0.077,-17.13,722,717.63,0.532,0.528,0.006,4.4
25,Reggie Jackson,Philadelphia 76ers,202704,54.0,59.6,0.458,-0.095,-5.6,75.0,80.25,0.338,-0.071,-5.25,129,139.83,0.485,0.526,-0.081,-10.8
26,Jimmy Butler,Golden State Warriors,202710,368.0,378.58,0.548,-0.031,-10.58,45.0,57.95,0.283,-0.244,-12.95,413,436.51,0.531,0.561,-0.06,-23.5
27,Anthony Davis,Dallas Mavericks,203076,746.0,731.75,0.561,0.021,14.25,90.0,103.52,0.323,-0.145,-13.52,836,835.28,0.551,0.551,0.001,0.7
28,Bradley Beal,Phoenix Suns,203078,428.0,387.53,0.562,0.106,40.47,258.0,235.87,0.396,0.102,22.13,686,623.37,0.574,0.521,0.105,62.6
29,Damian Lillard,Milwaukee Bucks,203081,464.0,422.17,0.532,0.096,41.83,540.0,489.17,0.377,0.106,50.83,1004,911.34,0.549,0.499,0.101,92.7
30,Andre Drummond,Philadelphia 76ers,203083,224.0,258.54,0.536,-0.165,-34.54,9.0,20.28,0.167,-0.627,-11.28,233,278.82,0.513,0.614,-0.202,-45.8
31,Harrison Barnes,San Antonio Spurs,203084,288.0,286.23,0.574,0.007,1.77,330.0,282.21,0.431,0.187,47.79,618,568.44,0.611,0.562,0.098,49.6
32,Draymond Green,Golden State Warriors,203110,202.0,235.83,0.508,-0.17,-33.83,162.0,183.23,0.331,-0.13,-21.23,364,419.05,0.503,0.579,-0.152,-55.1
33,Khris Middleton,Washington Wizards,203114,192.0,160.49,0.578,0.19,31.51,117.0,109.86,0.364,0.067,7.14,309,270.37,0.566,0.495,0.142,38.6
34,CJ McCollum,New Orleans Pelicans,203468,486.0,471.26,0.508,0.031,14.74,456.0,407.42,0.38,0.121,48.58,942,878.69,0.536,0.5,0.072,63.3
35,Dennis Schroder,Detroit Pistons,203471,332.0,340.85,0.466,-0.025,-8.85,324.0,334.04,0.352,-0.033,-10.04,656,674.87,0.495,0.509,-0.028,-18.9
36,Kelly Olynyk,New Orleans Pelicans,203482,128.0,134.37,0.542,-0.054,-6.37,78.0,69.48,0.426,0.14,8.52,206,203.85,0.575,0.569,0.012,2.2
37,Kentavious Caldwell-Pope,Orlando Magic,203484,214.0,185.96,0.594,0.156,28.04,246.0,282.29,0.311,-0.137,-36.29,460,468.29,0.518,0.527,-0.019,-8.3
38,Mason Plumlee,Phoenix Suns,203486,226.0,233.85,0.628,-0.044,-7.85,0.0,3.11,0.0,-1.037,-3.11,226,236.96,0.617,0.647,-0.06,-11.0
39,Rudy Gobert,Minnesota Timberwolves,203497,484.0,480.82,0.659,0.009,3.18,0.0,0.0,0.0,0.0,0.0,484,480.82,0.659,0.655,0.009,3.2
40,Steven Adams,Houston Rockets,203500,130.0,151.76,0.528,-0.177,-21.76,0.0,1.17,0.0,-1.17,-1.17,130,152.92,0.524,0.617,-0.185,-22.9
41,Tim Hardaway Jr.,Detroit Pistons,203501,166.0,164.78,0.5,0.007,1.22,381.0,369.69,0.361,0.032,11.31,547,534.46,0.528,0.516,0.024,12.5
42,Giannis Antetokounmpo,Milwaukee Bucks,203507,1220.0,1049.67,0.621,0.173,170.33,24.0,46.16,0.19,-0.528,-22.16,1244,1095.82,0.607,0.535,0.145,148.2
43,Seth Curry,Charlotte Hornets,203552,112.0,111.83,0.491,0.001,0.17,186.0,148.0,0.443,0.271,38.0,298,259.85,0.587,0.512,0.15,38.1
44,Zach LaVine,Sacramento Kings,203897,618.0,556.83,0.573,0.113,61.17,525.0,421.06,0.432,0.257,103.94,1143,977.9,0.605,0.518,0.175,165.1
45,Jordan Clarkson,Utah Jazz,203903,208.0,237.17,0.444,-0.125,-29.17,228.0,205.09,0.369,0.111,22.91,436,442.25,0.495,0.503,-0.014,-6.2
46,Spencer Dinwiddie,Dallas Mavericks,203915,250.0,254.59,0.481,-0.018,-4.59,255.0,259.75,0.337,-0.019,-4.75,505,514.34,0.493,0.502,-0.018,-9.3
47,Jerami Grant,Portland Trail Blazers,203924,212.0,278.99,0.381,-0.241,-66.99,324.0,315.1,0.365,0.03,8.9,536,594.08,0.467,0.517,-0.101,-58.1
48,Doug McDermott,Sacramento Kings,203926,10.0,15.16,0.385,-0.397,-5.16,99.0,82.59,0.429,0.213,16.41,109,97.76,0.606,0.543,0.125,11.2
49,Aaron Gordon,Denver Nuggets,203932,250.0,257.94,0.551,-0.035,-7.94,153.0,128.21,0.443,0.216,24.79,403,386.13,0.589,0.565,0.049,16.9
50,Marcus Smart,Washington Wizards,203935,82.0,89.66,0.477,-0.089,-7.66,117.0,124.83,0.339,-0.068,-7.83,199,214.49,0.495,0.534,-0.077,-15.5
51,Kyle Anderson,Miami Heat,203937,142.0,165.08,0.47,-0.153,-23.08,63.0,63.46,0.368,-0.008,-0.46,205,228.51,0.493,0.549,-0.113,-23.5
52,Julius Randle,Minnesota Timberwolves,203944,532.0,528.03,0.544,0.008,3.97,222.0,255.4,0.312,-0.141,-33.4,754,783.43,0.519,0.54,-0.041,-29.4
53,Andrew Wiggins,Miami Heat,203952,384.0,414.8,0.491,-0.079,-30.8,303.0,297.26,0.365,0.021,5.74,687,712.09,0.514,0.533,-0.038,-25.1
54,Joel Embiid,Philadelphia 76ers,203954,228.0,231.01,0.498,-0.013,-3.01,63.0,78.19,0.292,-0.211,-15.19,291,309.21,0.483,0.514,-0.06,-18.2
55,Dante Exum,Dallas Mavericks,203957,68.0,70.1,0.479,-0.03,-2.1,57.0,49.44,0.432,0.172,7.56,125,119.54,0.543,0.52,0.047,5.5
56,Clint Capela,Atlanta Hawks,203991,428.0,493.05,0.563,-0.171,-65.05,0.0,1.17,0.0,-1.17,-1.17,428,494.22,0.562,0.649,-0.174,-66.2
57,Bogdan Bogdanovic,LA Clippers,203992,138.0,138.21,0.511,-0.002,-0.21,204.0,235.03,0.308,-0.14,-31.03,342,373.24,0.48,0.524,-0.088,-31.2
58,Jusuf Nurkic,Charlotte Hornets,203994,156.0,167.96,0.557,-0.085,-11.96,54.0,84.85,0.243,-0.417,-30.85,210,252.81,0.491,0.591,-0.2,-42.8
59,Vasilije Micic,Phoenix Suns,203995,100.0,137.87,0.338,-0.256,-37.87,135.0,126.84,0.36,0.065,8.16,235,264.71,0.43,0.485,-0.109,-29.7
60,Nikola Jokic,Denver Nuggets,203999,1040.0,979.14,0.618,0.072,60.86,312.0,260.89,0.432,0.212,51.11,1352,1240.03,0.625,0.573,0.103,112.0
61,Kristaps Porzingis,Boston Celtics,204001,242.0,247.2,0.553,-0.024,-5.2,228.0,207.1,0.406,0.112,20.9,470,454.31,0.579,0.559,0.039,15.7
62,T.J. McConnell,Indiana Pacers,204456,492.0,463.64,0.543,0.063,28.36,39.0,43.03,0.333,-0.103,-4.03,531,506.66,0.54,0.515,0.049,24.3
63,Tyus Jones,Phoenix Suns,1626145,226.0,237.13,0.483,-0.048,-11.13,384.0,341.35,0.413,0.138,42.65,610,578.48,0.561,0.532,0.058,31.5
64,D'Angelo Russell,Brooklyn Nets,1626156,234.0,237.41,0.488,-0.014,-3.41,282.0,301.92,0.324,-0.069,-19.92,516,539.31,0.487,0.509,-0.044,-23.3
65,Karl-Anthony Towns,New York Knicks,1626157,750.0,736.81,0.572,0.02,13.19,339.0,284.7,0.428,0.206,54.3,1089,1021.5,0.592,0.555,0.073,67.5
66,Richaun Holmes,Washington Wizards,1626158,144.0,126.29,0.706,0.174,17.71,0.0,3.45,0.0,-1.15,-3.45,144,129.74,0.686,0.618,0.136,14.3
67,Kelly Oubre Jr.,Philadelphia 76ers,1626162,544.0,541.6,0.556,0.005,2.4,213.0,258.7,0.298,-0.192,-45.7,757,800.29,0.521,0.55,-0.06,-43.3
68,Devin Booker,Phoenix Suns,1626164,698.0,634.64,0.534,0.097,63.36,468.0,451.21,0.346,0.037,16.79,1166,1085.84,0.528,0.492,0.073,80.2
69,Cameron Payne,New York Knicks,1626166,130.0,129.48,0.478,0.004,0.52,222.0,217.3,0.37,0.023,4.7,352,346.79,0.524,0.516,0.016,5.2
70,Myles Turner,Indiana Pacers,1626167,362.0,383.85,0.542,-0.065,-21.85,369.0,341.28,0.405,0.091,27.72,731,725.14,0.573,0.568,0.009,5.9
71,Trey Lyles,Sacramento Kings,1626168,98.0,113.85,0.516,-0.167,-15.85,180.0,201.53,0.335,-0.12,-21.53,278,315.37,0.507,0.575,-0.136,-37.4
72,Bobby Portis,Milwaukee Bucks,1626171,386.0,396.34,0.508,-0.027,-10.34,177.0,181.79,0.36,-0.029,-4.79,563,578.12,0.517,0.531,-0.028,-15.1
73,Kevon Looney,Golden State Warriors,1626172,238.0,280.93,0.517,-0.187,-42.93,0.0,3.05,0.0,-1.017,-3.05,238,283.97,0.511,0.609,-0.197,-46.0
74,Terry Rozier,Miami Heat,1626179,300.0,314.86,0.49,-0.049,-14.86,243.0,283.0,0.297,-0.147,-40.0,543,597.87,0.469,0.516,-0.095,-54.9
75,Norman Powell,LA Clippers,1626181,458.0,425.77,0.554,0.078,32.23,453.0,358.65,0.425,0.266,94.35,911,784.41,0.593,0.511,0.165,126.6
76,Pat Connaughton,Milwaukee Bucks,1626192,60.0,64.97,0.556,-0.092,-4.97,60.0,66.76,0.323,-0.109,-6.76,120,131.72,0.517,0.568,-0.101,-11.7
77,Larry Nance Jr.,Atlanta Hawks,1626204,92.0,97.67,0.582,-0.072,-5.67,99.0,86.34,0.44,0.169,12.66,191,184.01,0.62,0.597,0.045,7.0
78,Royce O'Neale,Phoenix Suns,1626220,106.0,129.3,0.473,-0.208,-23.3,435.0,392.6,0.422,0.123,42.4,541,521.9,0.593,0.572,0.042,19.1
79,Ben Simmons,LA Clippers,1627732,214.0,228.16,0.554,-0.073,-14.16,0.0,0.0,0.0,0.0,0.0,214,228.16,0.554,0.591,-0.073,-14.2
80,Domantas Sabonis,Sacramento Kings,1627734,726.0,676.49,0.63,0.086,49.51,162.0,145.72,0.429,0.129,16.28,888,822.22,0.632,0.586,0.094,65.8
81,Malik Beasley,Detroit Pistons,1627736,232.0,240.7,0.492,-0.037,-8.7,765.0,620.36,0.421,0.239,144.64,997,861.07,0.593,0.512,0.162,135.9
82,Kris Dunn,LA Clippers,1627739,192.0,197.28,0.555,-0.031,-5.28,159.0,197.82,0.306,-0.224,-38.82,351,395.1,0.507,0.571,-0.127,-44.1
83,Buddy Hield,Golden State Warriors,1627741,206.0,213.75,0.523,-0.039,-7.75,474.0,457.14,0.365,0.039,16.86,680,670.88,0.54,0.532,0.014,9.1
84,Brandon Ingram,Toronto Raptors,1627742,220.0,199.73,0.514,0.095,20.27,126.0,112.31,0.372,0.121,13.69,346,312.05,0.529,0.477,0.104,33.9
85,Caris LeVert,Atlanta Hawks,1627747,248.0,252.55,0.546,-0.02,-4.55,237.0,220.59,0.387,0.08,16.41,485,473.14,0.563,0.549,0.028,11.9
86,Dejounte Murray,New Orleans Pelicans,1627749,284.0,303.42,0.445,-0.061,-19.42,156.0,172.71,0.302,-0.097,-16.71,440,476.15,0.448,0.485,-0.074,-36.1
87,Jamal Murray,Denver Nuggets,1627750,636.0,608.06,0.515,0.045,27.94,405.0,354.65,0.402,0.15,50.35,1041,962.7,0.546,0.505,0.082,78.3
88,Jakob Poeltl,Toronto Raptors,1627751,602.0,589.67,0.616,0.025,12.33,0.0,1.89,0.0,-0.945,-1.89,602,591.56,0.613,0.602,0.021,10.4
89,Taurean Prince,Milwaukee Bucks,1627752,120.0,145.3,0.444,-0.187,-25.3,351.0,278.22,0.455,0.283,72.78,471,423.52,0.601,0.54,0.121,47.5
90,Jaylen Brown,Boston Celtics,1627759,684.0,660.12,0.529,0.037,23.88,288.0,314.81,0.314,-0.088,-26.81,972,974.91,0.51,0.511,-0.003,-2.9
91,Malcolm Brogdon,Washington Wizards,1627763,176.0,181.99,0.478,-0.033,-5.99,48.0,60.2,0.291,-0.222,-12.2,224,242.21,0.469,0.507,-0.076,-18.2
92,Georges Niang,Atlanta Hawks,1627777,202.0,196.25,0.591,0.034,5.75,372.0,345.75,0.403,0.085,26.25,574,541.99,0.599,0.566,0.067,32.0
93,Gary Payton II,Golden State Warriors,1627780,228.0,215.58,0.704,0.077,12.42,60.0,82.2,0.282,-0.313,-22.2,288,297.79,0.618,0.639,-0.042,-9.8
94,Pascal Siakam,Indiana Pacers,1627783,780.0,717.54,0.578,0.093,62.46,330.0,301.06,0.406,0.107,28.94,1110,1018.62,0.587,0.538,0.097,91.4
95,Guerschon Yabusele,Philadelphia 76ers,1627824,284.0,277.92,0.612,0.026,6.08,264.0,248.19,0.393,0.071,15.81,548,526.11,0.601,0.577,0.048,21.9
96,Ivica Zubac,LA Clippers,1627826,896.0,859.47,0.62,0.051,36.53,0.0,0.0,0.0,0.0,0.0,896,859.47,0.62,0.595,0.051,36.5
97,Dorian Finney-Smith,Los Angeles Lakers,1627827,106.0,116.62,0.552,-0.111,-10.62,249.0,237.38,0.395,0.055,11.62,355,354.0,0.58,0.578,0.003,1.0
98,Fred VanVleet,Houston Rockets,1627832,214.0,232.73,0.448,-0.078,-18.73,360.0,373.35,0.339,-0.038,-13.35,574,606.06,0.484,0.511,-0.054,-32.1
99,Derrick Jones Jr.,LA Clippers,1627884,362.0,368.52,0.609,-0.022,-6.52,174.0,184.12,0.356,-0.062,-10.12,536,552.62,0.583,0.601,-0.036,-16.6
100,Alex Caruso,Oklahoma City Thunder,1627936,108.0,115.76,0.551,-0.079,-7.76,141.0,147.95,0.359,-0.053,-6.95,249,263.72,0.544,0.576,-0.064,-14.7
101,Lonzo Ball,Chicago Bulls,1628366,44.0,49.91,0.458,-0.123,-5.91,198.0,207.54,0.34,-0.049,-9.54,242,257.46,0.5,0.532,-0.064,-15.5
102,De'Aaron Fox,San Antonio Spurs,1628368,816.0,761.01,0.54,0.073,54.99,345.0,386.36,0.315,-0.113,-41.36,1161,1147.36,0.518,0.512,0.012,13.6
103,Jayson Tatum,Boston Celtics,1628369,628.0,570.58,0.558,0.102,57.42,618.0,557.35,0.361,0.106,60.65,1246,1127.92,0.549,0.497,0.104,118.1
104,Malik Monk,Sacramento Kings,1628370,448.0,424.64,0.536,0.056,23.36,333.0,371.6,0.32,-0.111,-38.6,781,796.24,0.51,0.52,-0.02,-15.2
105,Jonathan Isaac,Orlando Magic,1628371,150.0,159.45,0.56,-0.071,-9.45,111.0,153.39,0.268,-0.307,-42.39,261,312.84,0.48,0.575,-0.191,-51.8
106,Lauri Markkanen,Utah Jazz,1628374,286.0,312.96,0.524,-0.099,-26.96,366.0,375.05,0.347,-0.026,-9.05,652,688.01,0.522,0.55,-0.058,-36.0
107,Donovan Mitchell,Cleveland Cavaliers,1628378,588.0,566.53,0.514,0.038,21.47,621.0,551.54,0.383,0.129,69.46,1209,1118.08,0.544,0.503,0.082,90.9
108,Luke Kennard,Memphis Grizzlies,1628379,130.0,130.51,0.508,-0.004,-0.51,285.0,223.14,0.459,0.299,61.86,415,353.65,0.619,0.528,0.183,61.4
109,Zach Collins,Chicago Bulls,1628380,166.0,163.44,0.615,0.019,2.56,63.0,84.76,0.284,-0.294,-21.76,229,248.21,0.548,0.594,-0.092,-19.2
110,John Collins,Utah Jazz,1628381,412.0,415.61,0.567,-0.01,-3.61,168.0,155.68,0.397,0.087,12.32,580,571.27,0.575,0.567,0.017,8.7
111,OG Anunoby,New York Knicks,1628384,450.0,454.58,0.564,-0.011,-4.58,369.0,366.25,0.365,0.008,2.75,819,820.85,0.556,0.558,-0.003,-1.9
112,Jarrett Allen,Cleveland Cavaliers,1628386,718.0,647.47,0.704,0.138,70.53,0.0,3.5,0.0,-1.167,-3.5,718,650.97,0.7,0.634,0.131,67.0
113,Bam Adebayo,Miami Heat,1628389,732.0,736.7,0.532,-0.007,-4.7,150.0,179.47,0.309,-0.182,-29.47,882,916.19,0.519,0.539,-0.04,-34.2
114,Isaiah Hartenstein,Oklahoma City Thunder,1628392,424.0,417.59,0.596,0.018,6.41,0.0,14.94,0.0,-1.149,-14.94,424,432.53,0.575,0.586,-0.023,-8.5
115,Kyle Kuzma,Milwaukee Bucks,1628398,406.0,438.93,0.502,-0.082,-32.93,192.0,236.08,0.291,-0.2,-44.08,598,675.01,0.479,0.541,-0.123,-77.0
116,Derrick White,Boston Celtics,1628401,256.0,231.23,0.582,0.113,24.77,633.0,574.69,0.394,0.109,58.31,889,805.88,0.589,0.534,0.11,83.1
117,Josh Hart,New York Knicks,1628404,542.0,481.23,0.647,0.145,60.77,198.0,215.77,0.337,-0.091,-17.77,740,697.0,0.602,0.567,0.07,43.0
118,Dillon Brooks,Houston Rockets,1628415,302.0,348.13,0.442,-0.135,-46.13,429.0,412.98,0.385,0.043,16.02,731,761.11,0.513,0.534,-0.042,-30.1
119,Thomas Bryant,Indiana Pacers,1628418,174.0,166.24,0.664,0.059,7.76,108.0,119.01,0.343,-0.105,-11.01,282,285.24,0.597,0.604,-0.014,-3.2
120,Monte Morris,Phoenix Suns,1628420,94.0,97.63,0.48,-0.037,-3.63,63.0,78.75,0.292,-0.219,-15.75,157,176.37,0.462,0.519,-0.114,-19.4
121,Luke Kornet,Boston Celtics,1628436,236.0,226.77,0.663,0.052,9.23,0.0,0.95,0.0,-0.95,-0.95,236,227.72,0.659,0.636,0.046,8.3
122,Chris Boucher,Toronto Raptors,1628449,224.0,212.1,0.633,0.067,11.9,210.0,205.97,0.366,0.021,4.03,434,418.08,0.59,0.568,0.043,15.9
123,Daniel Theis,New Orleans Pelicans,1628464,104.0,112.9,0.565,-0.097,-8.9,27.0,42.55,0.243,-0.42,-15.55,131,155.45,0.508,0.603,-0.19,-24.5
124,Grayson Allen,Phoenix Suns,1628960,104.0,119.2,0.495,-0.145,-15.2,387.0,329.3,0.437,0.196,57.7,491,448.5,0.614,0.561,0.106,42.5
125,Mo Bamba,New Orleans Pelicans,1628964,62.0,61.83,0.62,0.003,0.17,45.0,58.66,0.288,-0.263,-13.66,107,120.49,0.525,0.591,-0.132,-13.5
126,Mikal Bridges,New York Knicks,1628969,626.0,575.38,0.591,0.096,50.62,402.0,404.08,0.353,-0.005,-2.08,1028,979.46,0.565,0.538,0.053,48.5
127,Miles Bridges,Charlotte Hornets,1628970,520.0,539.62,0.516,-0.039,-19.62,333.0,360.01,0.327,-0.08,-27.01,853,899.63,0.506,0.534,-0.055,-46.6
128,Bruce Brown,New Orleans Pelicans,1628971,134.0,165.59,0.45,-0.212,-31.59,42.0,59.11,0.264,-0.323,-17.11,176,224.7,0.436,0.556,-0.241,-48.7
129,Jalen Brunson,New York Knicks,1628973,818.0,733.37,0.542,0.112,84.63,411.0,362.04,0.388,0.139,48.96,1229,1095.43,0.555,0.494,0.121,133.6
130,Jevon Carter,Chicago Bulls,1628975,28.0,27.58,0.519,0.016,0.42,75.0,74.15,0.357,0.012,0.85,103,101.72,0.531,0.524,0.013,1.3
131,Wendell Carter Jr.,Orlando Magic,1628976,284.0,286.56,0.566,-0.01,-2.56,75.0,130.18,0.219,-0.484,-55.18,359,416.72,0.492,0.571,-0.158,-57.7
132,Donte DiVincenzo,Minnesota Timberwolves,1628978,102.0,121.54,0.468,-0.179,-19.54,393.0,362.69,0.391,0.09,30.31,495,484.22,0.557,0.545,0.024,10.8
133,Shai Gilgeous-Alexander,Oklahoma City Thunder,1628983,1122.0,940.84,0.582,0.188,181.16,393.0,359.05,0.372,0.096,33.95,1515,1299.91,0.576,0.494,0.163,215.1
134,Aaron Holiday,Houston Rockets,1628988,68.0,64.33,0.515,0.056,3.67,132.0,130.35,0.373,0.014,1.65,200,194.68,0.543,0.529,0.029,5.3
135,Kevin Huerter,Chicago Bulls,1628989,152.0,154.59,0.563,-0.019,-2.59,270.0,296.35,0.326,-0.095,-26.35,422,450.95,0.513,0.549,-0.07,-28.9
136,Jaren Jackson Jr.,Memphis Grizzlies,1628991,734.0,669.51,0.559,0.098,64.49,330.0,338.08,0.368,-0.027,-8.08,1064,1007.59,0.556,0.527,0.059,56.4
137,Caleb Martin,Dallas Mavericks,1628997,142.0,153.81,0.477,-0.079,-11.81,90.0,92.82,0.353,-0.033,-2.82,232,246.64,0.496,0.527,-0.063,-14.6
138,Cody Martin,Phoenix Suns,1628998,152.0,150.78,0.528,0.008,1.22,120.0,133.47,0.325,-0.11,-13.47,272,284.23,0.509,0.532,-0.046,-12.2
139,Shake Milton,Los Angeles Lakers,1629003,124.0,114.34,0.544,0.085,9.66,108.0,104.53,0.375,0.036,3.47,232,218.87,0.552,0.521,0.063,13.1
140,Svi Mykhailiuk,Utah Jazz,1629004,72.0,74.6,0.5,-0.036,-2.6,156.0,155.87,0.34,0.001,0.13,228,230.47,0.507,0.512,-0.011,-2.5
141,Josh Okogie,Charlotte Hornets,1629006,108.0,117.98,0.529,-0.098,-9.98,75.0,73.81,0.385,0.018,1.19,183,191.8,0.548,0.574,-0.053,-8.8
142,Michael Porter Jr.,Denver Nuggets,1629008,548.0,518.27,0.604,0.065,29.73,468.0,389.4,0.407,0.205,78.6,1016,907.68,0.607,0.542,0.129,108.3
143,Collin Sexton,Utah Jazz,1629012,448.0,465.6,0.506,-0.04,-17.6,267.0,227.7,0.41,0.181,39.3,715,693.32,0.542,0.525,0.033,21.7
144,Landry Shamet,New York Knicks,1629013,52.0,46.43,0.65,0.139,5.57,63.0,62.54,0.356,0.008,0.46,115,108.96,0.581,0.55,0.061,6.0
145,Anfernee Simons,Portland Trail Blazers,1629014,478.0,454.55,0.5,0.049,23.45,576.0,532.11,0.371,0.085,43.89,1054,986.67,0.53,0.496,0.068,67.3
146,Gary Trent Jr.,Milwaukee Bucks,1629018,162.0,171.68,0.471,-0.056,-9.68,387.0,335.81,0.419,0.166,51.19,549,507.51,0.572,0.529,0.086,41.5
147,Moritz Wagner,Orlando Magic,1629021,226.0,208.04,0.649,0.103,17.96,81.0,85.23,0.36,-0.056,-4.23,307,293.26,0.616,0.589,0.055,13.7
148,P.J. Washington,Dallas Mavericks,1629023,324.0,379.43,0.466,-0.159,-55.43,222.0,216.44,0.376,0.028,5.56,546,595.87,0.501,0.547,-0.092,-49.9
149,Kenrich Williams,Oklahoma City Thunder,1629026,136.0,129.95,0.586,0.052,6.05,135.0,129.09,0.395,0.052,5.91,271,259.05,0.589,0.563,0.052,11.9
150,Trae Young,Atlanta Hawks,1629027,530.0,564.99,0.472,-0.062,-34.99,495.0,531.94,0.328,-0.073,-36.94,1025,1096.94,0.481,0.515,-0.068,-71.9
151,Deandre Ayton,Portland Trail Blazers,1629028,510.0,491.18,0.594,0.044,18.82,18.0,35.94,0.194,-0.579,-17.94,528,527.12,0.574,0.573,0.002,0.9
152,Luka Doncic,Los Angeles Lakers,1629029,382.0,357.23,0.531,0.069,24.77,300.0,309.54,0.327,-0.031,-9.54,682,666.76,0.512,0.501,0.023,15.2
153,Goga Bitadze,Orlando Magic,1629048,354.0,327.7,0.665,0.099,26.3,9.0,25.12,0.136,-0.733,-16.12,363,352.81,0.63,0.613,0.035,10.2
154,Robert Williams III,Portland Trail Blazers,1629057,98.0,95.1,0.653,0.039,2.9,3.0,3.5,0.333,-0.167,-0.5,101,98.6,0.647,0.632,0.031,2.4
155,Rui Hachimura,Los Angeles Lakers,1629060,338.0,338.75,0.577,-0.003,-0.75,252.0,226.93,0.412,0.123,25.07,590,565.69,0.594,0.569,0.049,24.3
156,Jock Landale,Houston Rockets,1629111,86.0,102.44,0.483,-0.185,-16.44,18.0,18.13,0.375,-0.008,-0.13,104,120.57,0.495,0.574,-0.158,-16.6
157,Duncan Robinson,Miami Heat,1629130,170.0,171.72,0.559,-0.011,-1.72,456.0,397.06,0.388,0.15,58.94,626,568.77,0.575,0.523,0.105,57.2
158,Gabe Vincent,Los Angeles Lakers,1629216,92.0,89.7,0.529,0.026,2.3,222.0,230.52,0.346,-0.04,-8.52,314,320.21,0.522,0.532,-0.021,-6.2
159,Drew Eubanks,LA Clippers,1629234,192.0,194.88,0.589,-0.018,-2.88,9.0,6.85,0.5,0.358,2.15,201,201.72,0.595,0.597,-0.004,-0.7
160,Haywood Highsmith,Miami Heat,1629312,144.0,150.85,0.59,-0.056,-6.85,207.0,190.32,0.416,0.1,16.68,351,341.15,0.609,0.592,0.034,9.8
161,Amir Coffey,LA Clippers,1629599,238.0,241.19,0.529,-0.014,-3.19,270.0,243.38,0.405,0.12,26.62,508,484.56,0.568,0.542,0.052,23.4
162,DaQuan Jeffries,Charlotte Hornets,1629610,60.0,64.19,0.526,-0.074,-4.19,63.0,82.26,0.273,-0.25,-19.26,123,146.43,0.459,0.546,-0.175,-23.4
163,Terance Mann,Atlanta Hawks,1629611,172.0,175.51,0.544,-0.022,-3.51,129.0,115.65,0.413,0.128,13.35,301,291.16,0.574,0.556,0.038,9.8
164,Andrew Nembhard,Indiana Pacers,1629614,288.0,266.73,0.541,0.08,21.27,111.0,129.71,0.319,-0.161,-18.71,399,396.43,0.522,0.519,0.007,2.6
165,Jalen Pickett,Denver Nuggets,1629618,48.0,44.93,0.522,0.067,3.07,63.0,59.39,0.396,0.068,3.61,111,104.31,0.561,0.527,0.068,6.7
166,Max Strus,Cleveland Cavaliers,1629622,60.0,62.24,0.577,-0.043,-2.24,246.0,229.91,0.376,0.074,16.09,306,292.15,0.567,0.541,0.051,13.9
167,Bol Bol,Phoenix Suns,1629626,116.0,86.27,0.716,0.367,29.73,84.0,91.21,0.329,-0.085,-7.21,200,177.46,0.602,0.535,0.136,22.5
168,Zion Williamson,New Orleans Pelicans,1629627,492.0,466.86,0.576,0.059,25.14,9.0,12.57,0.25,-0.298,-3.57,501,479.43,0.571,0.546,0.049,21.6
169,RJ Barrett,Toronto Raptors,1629628,620.0,635.23,0.527,-0.026,-15.23,276.0,290.49,0.35,-0.055,-14.49,896,925.72,0.526,0.544,-0.035,-29.7
170,Ja Morant,Memphis Grizzlies,1629630,468.0,478.52,0.506,-0.023,-10.52,174.0,222.32,0.284,-0.237,-48.32,642,700.84,0.482,0.526,-0.088,-58.8
171,De'Andre Hunter,Cleveland Cavaliers,1629631,310.0,301.93,0.534,0.028,8.07,363.0,318.24,0.409,0.151,44.76,673,620.17,0.574,0.529,0.09,52.8
172,Coby White,Chicago Bulls,1629632,392.0,386.18,0.524,0.016,5.82,519.0,507.59,0.368,0.024,11.41,911,893.78,0.54,0.529,0.02,17.2
173,Brandon Clarke,Memphis Grizzlies,1629634,420.0,410.38,0.638,0.029,9.62,3.0,19.39,0.059,-0.964,-16.39,423,429.77,0.611,0.621,-0.02,-6.8
174,Darius Garland,Cleveland Cavaliers,1629636,556.0,517.38,0.533,0.074,38.62,534.0,460.13,0.411,0.171,73.87,1090,977.5,0.571,0.512,0.118,112.5
175,Jaxson Hayes,Los Angeles Lakers,1629637,210.0,192.35,0.724,0.122,17.65,0.0,2.23,0.0,-1.115,-2.23,210,194.58,0.714,0.662,0.105,15.4
176,Nickeil Alexander-Walker,Minnesota Timberwolves,1629638,200.0,204.71,0.513,-0.024,-4.71,360.0,328.42,0.397,0.105,31.58,560,533.12,0.563,0.536,0.054,26.9
177,Tyler Herro,Miami Heat,1629639,572.0,509.04,0.56,0.123,62.96,639.0,582.06,0.371,0.099,56.94,1211,1091.09,0.558,0.503,0.111,119.9
178,Keldon Johnson,San Antonio Spurs,1629640,420.0,417.4,0.574,0.007,2.6,210.0,236.05,0.326,-0.121,-26.05,630,653.46,0.542,0.562,-0.04,-23.5
179,Kevin Porter Jr.,Milwaukee Bucks,1629645,340.0,341.15,0.489,-0.003,-1.15,81.0,110.33,0.248,-0.269,-29.33,421,451.47,0.461,0.494,-0.067,-30.5
180,Charles Bassey,San Antonio Spurs,1629646,136.0,144.88,0.586,-0.077,-8.88,0.0,0.0,0.0,0.0,0.0,136,144.88,0.586,0.624,-0.077,-8.9
181,Nicolas Claxton,Brooklyn Nets,1629651,494.0,512.33,0.564,-0.042,-18.33,3.0,17.17,0.067,-0.945,-14.17,497,529.5,0.549,0.584,-0.072,-32.5
182,Luguentz Dort,Oklahoma City Thunder,1629652,146.0,169.57,0.477,-0.154,-23.57,405.0,372.82,0.401,0.095,32.18,551,542.38,0.562,0.553,0.018,8.6
183,Daniel Gafford,Dallas Mavericks,1629655,506.0,450.17,0.699,0.154,55.83,0.0,0.0,0.0,0.0,0.0,506,450.17,0.699,0.622,0.154,55.8
184,Quentin Grimes,Philadelphia 76ers,1629656,300.0,276.74,0.57,0.088,23.26,345.0,304.86,0.394,0.137,40.14,645,581.59,0.581,0.524,0.114,63.4
185,Talen Horton-Tucker,Chicago Bulls,1629659,126.0,133.48,0.508,-0.06,-7.48,102.0,102.52,0.366,-0.006,-0.52,228,236.01,0.525,0.544,-0.037,-8.0
186,Ty Jerome,Cleveland Cavaliers,1629660,328.0,293.34,0.55,0.116,34.66,270.0,223.65,0.435,0.224,46.35,598,516.98,0.592,0.512,0.16,81.0
187,Cameron Johnson,Brooklyn Nets,1629661,324.0,299.38,0.57,0.087,24.62,432.0,379.37,0.402,0.147,52.63,756,678.74,0.589,0.529,0.12,77.3
188,Jordan Poole,Washington Wizards,1629673,356.0,374.53,0.488,-0.051,-18.53,546.0,512.28,0.371,0.069,33.72,902,886.82,0.527,0.518,0.018,15.2
189,Neemias Queta,Boston Celtics,1629674,204.0,200.79,0.65,0.02,3.21,0.0,3.39,0.0,-1.13,-3.39,204,204.19,0.638,0.638,-0.001,-0.2
190,Naz Reid,Minnesota Timberwolves,1629675,418.0,433.56,0.539,-0.04,-15.56,453.0,423.38,0.394,0.077,29.62,871,856.95,0.565,0.556,0.018,14.1
191,Grant Williams,Charlotte Hornets,1629684,54.0,54.49,0.551,-0.01,-0.49,81.0,78.05,0.38,0.042,2.95,135,132.54,0.562,0.552,0.021,2.5
192,Garrison Mathews,Atlanta Hawks,1629726,32.0,41.04,0.432,-0.244,-9.04,240.0,213.65,0.39,0.129,26.35,272,254.69,0.562,0.526,0.072,17.3
193,Dean Wade,Cleveland Cavaliers,1629731,52.0,46.02,0.684,0.157,5.98,180.0,195.59,0.343,-0.089,-15.59,232,241.62,0.545,0.567,-0.045,-9.6
194,Javonte Green,Cleveland Cavaliers,1629750,132.0,149.26,0.537,-0.14,-17.26,126.0,127.43,0.375,-0.013,-1.43,258,276.68,0.549,0.589,-0.079,-18.7
195,Anthony Edwards,Minnesota Timberwolves,1630162,618.0,647.76,0.478,-0.046,-29.76,768.0,623.81,0.407,0.229,144.19,1386,1271.58,0.544,0.499,0.09,114.4
196,LaMelo Ball,Charlotte Hornets,1630163,406.0,419.41,0.482,-0.032,-13.41,468.0,495.29,0.331,-0.058,-27.29,874,914.74,0.489,0.512,-0.046,-40.7
197,Deni Avdija,Portland Trail Blazers,1630166,420.0,423.37,0.551,-0.009,-3.37,258.0,277.24,0.343,-0.077,-19.24,678,700.61,0.536,0.554,-0.036,-22.6
198,Obi Toppin,Indiana Pacers,1630167,316.0,274.5,0.712,0.187,41.5,213.0,230.01,0.345,-0.083,-17.01,529,504.48,0.618,0.589,0.057,24.5
199,Onyeka Okongwu,Atlanta Hawks,1630168,518.0,515.7,0.643,0.006,2.3,84.0,104.94,0.301,-0.225,-20.94,602,620.62,0.607,0.626,-0.038,-18.6
200,Tyrese Haliburton,Indiana Pacers,1630169,410.0,358.31,0.568,0.143,51.69,546.0,496.22,0.39,0.107,49.78,956,854.52,0.577,0.516,0.123,101.5
201,Devin Vassell,San Antonio Spurs,1630170,366.0,349.82,0.508,0.045,16.18,321.0,321.88,0.349,-0.003,-0.88,687,671.69,0.515,0.504,0.023,15.3
202,Isaac Okoro,Cleveland Cavaliers,1630171,80.0,89.65,0.526,-0.127,-9.65,117.0,121.76,0.368,-0.045,-4.76,197,211.41,0.541,0.581,-0.079,-14.4
203,Patrick Williams,Chicago Bulls,1630172,150.0,191.95,0.403,-0.226,-41.95,210.0,218.61,0.35,-0.043,-8.61,360,410.56,0.466,0.532,-0.131,-50.6
204,Precious Achiuwa,New York Knicks,1630173,220.0,237.15,0.558,-0.087,-17.15,27.0,33.12,0.31,-0.211,-6.12,247,270.27,0.546,0.598,-0.103,-23.3
205,Aaron Nesmith,Indiana Pacers,1630174,120.0,115.38,0.588,0.045,4.62,123.0,119.1,0.383,0.036,3.9,243,234.48,0.581,0.561,0.041,8.5
206,Cole Anthony,Orlando Magic,1630175,286.0,300.33,0.469,-0.047,-14.33,183.0,199.75,0.333,-0.092,-16.75,469,500.09,0.481,0.512,-0.064,-31.1
207,Tyrese Maxey,Philadelphia 76ers,1630178,632.0,632.79,0.516,-0.001,-0.79,468.0,496.74,0.332,-0.061,-28.74,1100,1129.54,0.508,0.522,-0.027,-29.5
208,Josh Green,Charlotte Hornets,1630182,138.0,164.35,0.479,-0.183,-26.35,240.0,227.56,0.39,0.061,12.44,378,391.91,0.542,0.561,-0.04,-13.9
209,Jaden McDaniels,Minnesota Timberwolves,1630183,482.0,466.8,0.568,0.036,15.2,258.0,291.46,0.333,-0.13,-33.46,740,758.27,0.543,0.556,-0.027,-18.3
210,Jalen Smith,Chicago Bulls,1630188,192.0,181.64,0.632,0.068,10.36,201.0,216.78,0.347,-0.082,-15.78,393,398.41,0.57,0.577,-0.016,-5.4
211,Isaiah Stewart,Detroit Pistons,1630191,254.0,263.84,0.588,-0.046,-9.84,33.0,47.12,0.268,-0.344,-14.12,287,310.94,0.558,0.605,-0.093,-23.9
212,Zeke Nnaji,Denver Nuggets,1630192,84.0,77.99,0.667,0.095,6.01,36.0,42.06,0.324,-0.164,-6.06,120,120.05,0.6,0.6,-0.0,-0.0
213,Immanuel Quickley,Toronto Raptors,1630193,152.0,162.54,0.472,-0.065,-10.54,189.0,179.97,0.38,0.054,9.03,341,342.49,0.521,0.524,-0.005,-1.5
214,Paul Reed,Detroit Pistons,1630194,108.0,105.89,0.593,0.023,2.11,18.0,22.71,0.286,-0.224,-4.71,126,128.6,0.562,0.574,-0.023,-2.6
215,Isaiah Joe,Oklahoma City Thunder,1630198,102.0,105.2,0.537,-0.034,-3.2,411.0,371.49,0.397,0.115,39.51,513,476.7,0.583,0.542,0.083,36.3
216,Tre Jones,Chicago Bulls,1630200,150.0,146.72,0.551,0.024,3.28,39.0,44.04,0.333,-0.129,-5.04,189,190.75,0.54,0.545,-0.01,-1.8
217,Payton Pritchard,Boston Celtics,1630202,210.0,168.78,0.633,0.248,41.22,618.0,518.12,0.427,0.207,99.88,828,686.91,0.639,0.53,0.218,141.1
218,Nick Richards,Phoenix Suns,1630208,330.0,343.17,0.602,-0.048,-13.17,0.0,1.99,0.0,-0.995,-1.99,330,345.14,0.598,0.625,-0.055,-15.1
219,Jared Butler,Philadelphia 76ers,1630215,178.0,167.73,0.524,0.06,10.27,75.0,80.39,0.347,-0.075,-5.39,253,248.13,0.523,0.513,0.02,4.9
220,Desmond Bane,Memphis Grizzlies,1630217,492.0,459.64,0.56,0.074,32.36,342.0,313.55,0.379,0.095,28.45,834,773.21,0.564,0.522,0.082,60.8
221,Jalen Green,Houston Rockets,1630224,584.0,601.7,0.486,-0.029,-17.7,561.0,536.2,0.356,0.047,24.8,1145,1137.93,0.508,0.505,0.006,7.1
222,Jonathan Kuminga,Golden State Warriors,1630228,306.0,325.93,0.503,-0.066,-19.93,117.0,122.12,0.348,-0.046,-5.12,423,448.05,0.508,0.539,-0.06,-25.1
223,Naji Marshall,Dallas Mavericks,1630230,410.0,363.13,0.608,0.139,46.87,147.0,193.15,0.285,-0.268,-46.15,557,556.28,0.547,0.546,0.001,0.7
224,KJ Martin,Utah Jazz,1630231,162.0,151.91,0.681,0.085,10.09,42.0,46.0,0.35,-0.1,-4.0,204,197.92,0.642,0.622,0.038,6.1
225,Sam Merrill,Cleveland Cavaliers,1630241,54.0,52.69,0.628,0.03,1.31,318.0,309.67,0.369,0.029,8.33,372,362.36,0.564,0.549,0.029,9.6
226,Trevelin Queen,Orlando Magic,1630243,58.0,67.62,0.468,-0.155,-9.62,48.0,71.47,0.242,-0.356,-23.47,106,139.09,0.414,0.543,-0.259,-33.1
227,Ayo Dosunmu,Chicago Bulls,1630245,318.0,283.79,0.612,0.132,34.21,186.0,214.62,0.328,-0.151,-28.62,504,498.4,0.561,0.555,0.012,5.6
228,Vit Krejci,Atlanta Hawks,1630249,82.0,80.8,0.586,0.017,1.2,174.0,159.58,0.387,0.096,14.42,256,240.36,0.582,0.546,0.071,15.6
229,Jae'Sean Tate,Houston Rockets,1630256,90.0,100.85,0.506,-0.122,-10.85,30.0,38.65,0.294,-0.254,-8.65,120,139.5,0.488,0.567,-0.159,-19.5
230,Jeff Dowtin Jr.,Philadelphia 76ers,1630288,78.0,80.07,0.476,-0.025,-2.07,45.0,41.76,0.395,0.085,3.24,123,121.82,0.512,0.508,0.01,1.2
231,Brandon Williams,Dallas Mavericks,1630314,64.0,58.28,0.552,0.099,5.72,45.0,42.24,0.395,0.073,2.76,109,100.52,0.568,0.524,0.088,8.5
232,Lindy Waters III,Detroit Pistons,1630322,56.0,61.13,0.483,-0.088,-5.13,159.0,169.0,0.338,-0.064,-10.0,215,230.11,0.5,0.535,-0.07,-15.1
233,Jeremiah Robinson-Earl,New Orleans Pelicans,1630526,134.0,142.76,0.549,-0.072,-8.76,108.0,122.06,0.333,-0.13,-14.06,242,264.83,0.526,0.576,-0.099,-22.8
234,Brandon Boston Jr.,New Orleans Pelicans,1630527,232.0,237.31,0.485,-0.022,-5.31,147.0,146.61,0.353,0.003,0.39,379,383.9,0.501,0.508,-0.013,-4.9
235,Herbert Jones,New Orleans Pelicans,1630529,106.0,109.33,0.53,-0.033,-3.33,66.0,81.33,0.306,-0.213,-15.33,172,190.65,0.5,0.554,-0.108,-18.7
236,Trey Murphy III,New Orleans Pelicans,1630530,420.0,415.27,0.553,0.012,4.73,456.0,448.49,0.365,0.018,7.51,876,863.76,0.55,0.543,0.015,12.2
237,Franz Wagner,Orlando Magic,1630532,654.0,636.75,0.534,0.028,17.25,237.0,278.85,0.299,-0.159,-41.85,891,915.6,0.509,0.523,-0.028,-24.6
238,Ziaire Williams,Brooklyn Nets,1630533,180.0,214.6,0.492,-0.189,-34.6,219.0,247.03,0.322,-0.123,-28.03,399,461.64,0.487,0.563,-0.153,-62.6
239,Ochai Agbaji,Toronto Raptors,1630534,268.0,276.15,0.601,-0.037,-8.15,243.0,227.37,0.401,0.077,15.63,511,503.52,0.601,0.592,0.018,7.5
240,Bones Hyland,Minnesota Timberwolves,1630538,26.0,31.49,0.406,-0.172,-5.49,84.0,78.32,0.378,0.077,5.68,110,109.8,0.519,0.518,0.002,0.2
241,Miles McBride,New York Knicks,1630540,164.0,173.21,0.466,-0.052,-9.21,264.0,247.53,0.362,0.068,16.47,428,420.74,0.511,0.502,0.017,7.3
242,Moses Moody,Golden State Warriors,1630541,180.0,178.4,0.552,0.01,1.6,273.0,256.16,0.382,0.071,16.84,453,434.56,0.565,0.542,0.046,18.4
243,Tre Mann,Charlotte Hornets,1630544,92.0,101.3,0.455,-0.092,-9.3,72.0,64.67,0.4,0.122,7.33,164,165.97,0.509,0.515,-0.012,-2.0
244,Terrence Shannon Jr.,Minnesota Timberwolves,1630545,84.0,88.61,0.538,-0.059,-4.61,33.0,34.23,0.367,-0.041,-1.23,117,122.83,0.542,0.569,-0.054,-5.8
245,Johnny Juzang,Utah Jazz,1630548,100.0,97.07,0.532,0.031,2.93,240.0,227.03,0.372,0.06,12.97,340,324.11,0.55,0.524,0.051,15.9
246,Day'Ron Sharpe,Brooklyn Nets,1630549,260.0,279.63,0.565,-0.085,-19.63,30.0,42.61,0.27,-0.341,-12.61,290,322.24,0.543,0.603,-0.121,-32.2
247,Justin Champagnie,Washington Wizards,1630551,162.0,164.32,0.604,-0.017,-2.32,138.0,136.44,0.371,0.013,1.56,300,300.76,0.581,0.583,-0.003,-0.8
248,Jalen Johnson,Atlanta Hawks,1630552,446.0,460.59,0.566,-0.037,-14.59,129.0,146.89,0.323,-0.135,-17.89,575,607.47,0.546,0.576,-0.062,-32.5
249,Keon Johnson,Brooklyn Nets,1630553,270.0,310.34,0.461,-0.138,-40.34,264.0,323.32,0.289,-0.195,-59.32,534,633.65,0.447,0.531,-0.167,-99.6
250,Kessler Edwards,Dallas Mavericks,1630556,76.0,82.5,0.559,-0.096,-6.5,42.0,46.98,0.341,-0.121,-4.98,118,129.49,0.541,0.594,-0.105,-11.5
251,Corey Kispert,Washington Wizards,1630557,256.0,254.35,0.564,0.007,1.65,351.0,345.72,0.368,0.017,5.28,607,600.09,0.557,0.551,0.013,6.9
252,Davion Mitchell,Miami Heat,1630558,180.0,180.53,0.517,-0.003,-0.53,180.0,173.95,0.387,0.039,6.05,360,354.47,0.547,0.539,0.017,5.5
253,Austin Reaves,Los Angeles Lakers,1630559,382.0,378.53,0.523,0.01,3.47,408.0,407.53,0.355,0.001,0.47,790,786.05,0.528,0.525,0.005,4.0
254,Cam Thomas,Brooklyn Nets,1630560,240.0,229.04,0.511,0.047,10.96,183.0,170.67,0.349,0.07,12.33,423,399.69,0.516,0.487,0.057,23.3
255,Scottie Barnes,Toronto Raptors,1630567,622.0,609.53,0.517,0.021,12.47,183.0,249.44,0.264,-0.288,-66.44,805,858.98,0.483,0.516,-0.065,-54.0
256,Trendon Watford,Brooklyn Nets,1630570,142.0,150.4,0.497,-0.059,-8.4,45.0,51.61,0.319,-0.141,-6.61,187,202.02,0.492,0.532,-0.079,-15.0
257,Sandro Mamukelashvili,San Antonio Spurs,1630572,80.0,68.3,0.714,0.209,11.7,93.0,91.51,0.388,0.019,1.49,173,159.81,0.636,0.588,0.097,13.2
258,Sam Hauser,Boston Celtics,1630573,68.0,55.02,0.667,0.255,12.98,327.0,298.02,0.389,0.104,28.98,395,353.05,0.597,0.533,0.127,41.9
259,Julian Champagnie,San Antonio Spurs,1630577,154.0,154.59,0.575,-0.004,-0.59,393.0,389.81,0.36,0.009,3.19,547,544.4,0.549,0.547,0.005,2.6
260,Alperen Sengun,Houston Rockets,1630578,854.0,864.15,0.525,-0.012,-10.15,48.0,78.89,0.229,-0.441,-30.89,902,943.04,0.511,0.534,-0.046,-41.0
261,Josh Giddey,Chicago Bulls,1630581,410.0,425.09,0.505,-0.037,-15.09,246.0,252.11,0.366,-0.027,-6.11,656,677.21,0.521,0.537,-0.034,-21.2
262,Santi Aldama,Memphis Grizzlies,1630583,328.0,327.54,0.588,0.002,0.46,282.0,270.76,0.382,0.046,11.24,610,598.29,0.581,0.57,0.022,11.7
263,Scotty Pippen Jr.,Memphis Grizzlies,1630590,308.0,308.18,0.542,-0.001,-0.18,180.0,182.57,0.364,-0.016,-2.57,488,490.74,0.543,0.546,-0.006,-2.7
264,Jalen Suggs,Orlando Magic,1630591,242.0,243.33,0.506,-0.006,-1.33,228.0,258.2,0.315,-0.125,-30.2,470,501.53,0.49,0.522,-0.066,-31.5
265,Jalen Wilson,Brooklyn Nets,1630592,210.0,241.54,0.502,-0.151,-31.54,261.0,311.79,0.314,-0.183,-50.79,471,553.32,0.485,0.569,-0.169,-82.3
266,Cade Cunningham,Detroit Pistons,1630595,874.0,849.95,0.507,0.028,24.05,399.0,381.41,0.357,0.047,17.59,1273,1231.35,0.515,0.499,0.034,41.7
267,Evan Mobley,Cleveland Cavaliers,1630596,704.0,641.82,0.63,0.111,62.18,186.0,183.69,0.369,0.014,2.31,890,825.5,0.612,0.568,0.089,64.5
268,Aaron Wiggins,Oklahoma City Thunder,1630598,370.0,352.38,0.589,0.056,17.62,321.0,301.72,0.395,0.071,19.28,691,654.12,0.591,0.559,0.063,36.9
269,Gui Santos,Golden State Warriors,1630611,60.0,63.51,0.625,-0.073,-3.51,63.0,75.84,0.309,-0.189,-12.84,123,139.35,0.53,0.601,-0.141,-16.3
270,Dalano Banton,Portland Trail Blazers,1630625,182.0,207.54,0.457,-0.128,-25.54,168.0,168.42,0.364,-0.003,-0.42,350,375.94,0.496,0.532,-0.073,-25.9
271,Jose Alvarado,New Orleans Pelicans,1630631,106.0,130.67,0.427,-0.199,-24.67,249.0,237.41,0.39,0.054,11.59,355,368.1,0.527,0.546,-0.039,-13.1
272,Jay Huff,Memphis Grizzlies,1630643,116.0,98.44,0.716,0.217,17.56,210.0,188.82,0.419,0.127,21.18,326,287.26,0.657,0.579,0.156,38.7
273,Micah Potter,Utah Jazz,1630695,34.0,34.23,0.63,-0.009,-0.23,84.0,85.05,0.364,-0.014,-1.05,118,119.29,0.567,0.574,-0.012,-1.3
274,Dyson Daniels,Atlanta Hawks,1630700,576.0,613.72,0.535,-0.07,-37.72,192.0,204.95,0.352,-0.071,-12.95,768,818.68,0.533,0.569,-0.07,-50.7
275,Jaden Hardy,Dallas Mavericks,1630702,152.0,158.55,0.472,-0.041,-6.55,174.0,162.15,0.384,0.078,11.85,326,320.69,0.522,0.514,0.017,5.3
276,Scoot Henderson,Portland Trail Blazers,1630703,324.0,338.85,0.478,-0.044,-14.85,267.0,266.44,0.36,0.002,0.56,591,605.31,0.504,0.516,-0.024,-14.3
277,Keaton Wallace,Atlanta Hawks,1630811,62.0,61.55,0.477,0.007,0.45,78.0,81.4,0.356,-0.047,-3.4,140,142.96,0.507,0.518,-0.021,-3.0
278,Jaden Ivey,Detroit Pistons,1631093,254.0,273.96,0.49,-0.077,-19.96,186.0,165.49,0.405,0.134,20.51,440,439.44,0.534,0.533,0.001,0.6
279,Paolo Banchero,Orlando Magic,1631094,400.0,407.67,0.491,-0.019,-7.67,162.0,180.09,0.309,-0.103,-18.09,562,587.77,0.483,0.505,-0.044,-25.8
280,Jabari Smith Jr.,Houston Rockets,1631095,194.0,210.86,0.48,-0.083,-16.86,219.0,221.68,0.351,-0.013,-2.68,413,432.52,0.504,0.527,-0.048,-19.5
281,Chet Holmgren,Oklahoma City Thunder,1631096,158.0,155.04,0.564,0.021,2.96,72.0,77.93,0.338,-0.084,-5.93,230,232.97,0.545,0.552,-0.014,-3.0
282,Bennedict Mathurin,Indiana Pacers,1631097,480.0,488.1,0.533,-0.018,-8.1,237.0,234.11,0.35,0.013,2.89,717,722.2,0.53,0.534,-0.008,-5.2
283,Keegan Murray,Sacramento Kings,1631099,338.0,333.77,0.56,0.014,4.23,348.0,382.52,0.338,-0.101,-34.52,686,716.28,0.532,0.555,-0.047,-30.3
284,Shaedon Sharpe,Portland Trail Blazers,1631101,530.0,490.05,0.548,0.083,39.95,333.0,374.54,0.313,-0.117,-41.54,863,864.58,0.514,0.515,-0.002,-1.6
285,Malaki Branham,San Antonio Spurs,1631103,58.0,60.37,0.468,-0.038,-2.37,66.0,63.28,0.386,0.048,2.72,124,123.65,0.521,0.52,0.003,0.3
286,Jalen Duren,Detroit Pistons,1631105,580.0,516.92,0.7,0.152,63.08,0.0,0.0,0.0,0.0,0.0,580,516.92,0.7,0.624,0.152,63.1
287,Tari Eason,Houston Rockets,1631106,290.0,300.02,0.545,-0.038,-10.02,144.0,151.53,0.353,-0.055,-7.53,434,451.53,0.54,0.562,-0.044,-17.5
288,Nikola Jovic,Miami Heat,1631107,188.0,192.6,0.56,-0.027,-4.6,234.0,233.13,0.371,0.004,0.87,422,425.73,0.558,0.563,-0.01,-3.7
289,Max Christie,Dallas Mavericks,1631108,212.0,219.52,0.51,-0.036,-7.52,279.0,267.16,0.378,0.048,11.84,491,486.66,0.541,0.536,0.01,4.3
290,Mark Williams,Charlotte Hornets,1631109,384.0,403.48,0.591,-0.06,-19.48,0.0,1.17,0.0,-1.17,-1.17,384,404.65,0.589,0.621,-0.063,-20.6
291,Jeremy Sochan,San Antonio Spurs,1631110,350.0,359.77,0.593,-0.033,-9.77,63.0,72.94,0.328,-0.155,-9.94,413,432.68,0.575,0.603,-0.055,-19.7
292,Jalen Williams,Oklahoma City Thunder,1631114,748.0,723.88,0.528,0.034,24.12,327.0,329.81,0.361,-0.009,-2.81,1075,1053.7,0.532,0.521,0.021,21.3
293,Orlando Robinson,Toronto Raptors,1631115,90.0,107.16,0.479,-0.183,-17.16,18.0,25.52,0.261,-0.327,-7.52,108,132.67,0.462,0.567,-0.211,-24.7
294,Walker Kessler,Utah Jazz,1631117,472.0,417.6,0.728,0.168,54.4,6.0,7.94,0.286,-0.277,-1.94,478,425.54,0.722,0.643,0.158,52.5
295,Jaylin Williams,Oklahoma City Thunder,1631119,54.0,56.52,0.574,-0.054,-2.52,117.0,126.81,0.355,-0.089,-9.81,171,183.34,0.545,0.584,-0.079,-12.3
296,Julian Strawther,Denver Nuggets,1631124,212.0,201.48,0.53,0.053,10.52,273.0,282.82,0.353,-0.038,-9.82,485,484.3,0.529,0.529,0.002,0.7
297,Christian Braun,Denver Nuggets,1631128,614.0,581.0,0.638,0.069,33.0,198.0,196.53,0.379,0.008,1.47,812,777.54,0.62,0.594,0.053,34.5
298,Jabari Walker,Portland Trail Blazers,1631133,132.0,137.88,0.569,-0.051,-5.88,69.0,67.02,0.39,0.034,1.98,201,204.89,0.574,0.585,-0.022,-3.9
299,Ryan Rollins,Milwaukee Bucks,1631157,104.0,100.67,0.536,0.034,3.33,75.0,77.94,0.352,-0.041,-2.94,179,178.6,0.533,0.532,0.002,0.4
300,Keon Ellis,Sacramento Kings,1631165,128.0,127.17,0.571,0.007,0.83,306.0,260.17,0.425,0.191,45.83,434,387.33,0.616,0.55,0.133,46.7
301,Jaime Jaquez Jr.,Miami Heat,1631170,270.0,289.97,0.496,-0.073,-19.97,84.0,106.05,0.292,-0.23,-22.05,354,396.01,0.481,0.538,-0.114,-42.0
302,Ousmane Dieng,Oklahoma City Thunder,1631172,60.0,60.96,0.577,-0.018,-0.96,69.0,79.75,0.329,-0.154,-10.75,129,140.7,0.529,0.577,-0.096,-11.7
303,Kris Murray,Portland Trail Blazers,1631200,138.0,137.26,0.585,0.006,0.74,63.0,92.43,0.259,-0.363,-29.43,201,229.69,0.505,0.577,-0.144,-28.7
304,Marcus Sasser,Detroit Pistons,1631204,120.0,106.37,0.571,0.13,13.63,123.0,122.18,0.36,0.007,0.82,243,228.5,0.555,0.522,0.066,14.5
305,Dalen Terry,Chicago Bulls,1631207,124.0,133.07,0.53,-0.078,-9.07,66.0,75.76,0.328,-0.146,-9.76,190,208.83,0.516,0.567,-0.102,-18.8
306,Peyton Watson,Denver Nuggets,1631212,220.0,245.89,0.537,-0.126,-25.89,111.0,115.16,0.366,-0.041,-4.16,331,361.04,0.541,0.59,-0.098,-30.0
307,Tyrese Martin,Brooklyn Nets,1631213,132.0,146.64,0.482,-0.107,-14.64,216.0,225.58,0.344,-0.046,-9.58,348,372.21,0.503,0.538,-0.07,-24.2
308,Caleb Houstan,Orlando Magic,1631216,14.0,17.42,0.438,-0.214,-3.42,93.0,105.39,0.323,-0.129,-12.39,107,122.81,0.478,0.548,-0.141,-15.8
309,Moussa Diabate,Charlotte Hornets,1631217,232.0,241.71,0.595,-0.05,-9.71,0.0,2.23,0.0,-1.115,-2.23,232,243.93,0.589,0.619,-0.061,-11.9
310,Trayce Jackson-Davis,Golden State Warriors,1631218,314.0,349.27,0.573,-0.129,-35.27,0.0,0.0,0.0,0.0,0.0,314,349.27,0.573,0.637,-0.129,-35.3
311,Jake LaRavia,Sacramento Kings,1631222,176.0,201.41,0.5,-0.144,-25.41,150.0,133.59,0.417,0.137,16.41,326,334.98,0.551,0.566,-0.03,-9.0
312,David Roddy,Houston Rockets,1631223,68.0,65.99,0.586,0.035,2.01,54.0,58.15,0.333,-0.077,-4.15,122,124.13,0.545,0.554,-0.019,-2.1
313,Karlo MatkoviÄ‡,New Orleans Pelicans,1631255,98.0,102.27,0.62,-0.054,-4.27,39.0,43.22,0.342,-0.111,-4.22,137,145.48,0.585,0.622,-0.072,-8.5
314,AJ Green,Milwaukee Bucks,1631260,46.0,48.81,0.469,-0.057,-2.81,363.0,300.01,0.42,0.219,62.99,409,348.82,0.607,0.518,0.179,60.2
315,Simone Fontecchio,Detroit Pistons,1631323,116.0,126.3,0.492,-0.087,-10.3,177.0,192.78,0.324,-0.087,-15.78,293,319.06,0.488,0.532,-0.087,-26.1
316,Victor Wembanyama,San Antonio Spurs,1641705,516.0,470.11,0.593,0.105,45.89,423.0,415.99,0.356,0.018,7.01,939,886.07,0.565,0.533,0.064,52.9
317,Brandon Miller,Charlotte Hornets,1641706,188.0,199.18,0.475,-0.056,-11.18,312.0,304.14,0.355,0.027,7.86,500,503.33,0.509,0.513,-0.007,-3.3
318,Amen Thompson,Houston Rockets,1641708,608.0,584.16,0.595,0.047,23.84,60.0,86.07,0.26,-0.339,-26.07,668,670.24,0.568,0.57,-0.004,-2.2
319,Ausar Thompson,Detroit Pistons,1641709,336.0,340.75,0.594,-0.017,-4.75,21.0,38.5,0.206,-0.515,-17.5,357,379.24,0.563,0.598,-0.07,-22.2
320,Anthony Black,Orlando Magic,1641710,292.0,337.03,0.459,-0.142,-45.03,126.0,157.94,0.3,-0.228,-31.94,418,494.96,0.456,0.54,-0.168,-77.0
321,Gradey Dick,Toronto Raptors,1641711,302.0,347.14,0.47,-0.141,-45.14,342.0,343.12,0.351,-0.003,-1.12,644,690.25,0.498,0.534,-0.072,-46.2
322,GG Jackson,Memphis Grizzlies,1641713,72.0,88.82,0.462,-0.216,-16.82,78.0,85.48,0.338,-0.097,-7.48,150,174.29,0.484,0.562,-0.157,-24.3
323,Cam Whitmore,Houston Rockets,1641715,180.0,197.79,0.497,-0.098,-17.79,150.0,159.39,0.325,-0.061,-9.39,330,357.18,0.493,0.533,-0.081,-27.2
324,Jarace Walker,Indiana Pacers,1641716,142.0,141.52,0.546,0.004,0.48,138.0,135.04,0.365,0.023,2.96,280,276.55,0.547,0.54,0.013,3.4
325,Cason Wallace,Oklahoma City Thunder,1641717,226.0,232.68,0.541,-0.032,-6.68,177.0,191.95,0.339,-0.086,-14.95,403,424.63,0.526,0.554,-0.056,-21.6
326,Keyonte George,Utah Jazz,1641718,292.0,316.19,0.463,-0.077,-24.19,411.0,403.87,0.343,0.018,7.13,703,720.05,0.492,0.504,-0.024,-17.0
327,Jordan Hawkins,New Orleans Pelicans,1641722,170.0,187.7,0.434,-0.09,-17.7,273.0,279.53,0.338,-0.024,-6.53,443,467.26,0.476,0.502,-0.052,-24.3
328,Jett Howard,Orlando Magic,1641724,64.0,67.13,0.516,-0.05,-3.13,147.0,171.56,0.304,-0.153,-24.56,211,238.72,0.473,0.535,-0.124,-27.7
329,Dereck Lively II,Dallas Mavericks,1641726,248.0,228.62,0.701,0.109,19.38,0.0,0.0,0.0,0.0,0.0,248,228.62,0.701,0.646,0.109,19.4
330,Brice Sensabaugh,Utah Jazz,1641729,186.0,178.94,0.541,0.041,7.06,303.0,278.01,0.388,0.096,24.99,489,456.95,0.566,0.529,0.074,32.1
331,Noah Clowney,Brooklyn Nets,1641730,82.0,111.6,0.436,-0.315,-29.6,240.0,245.02,0.362,-0.023,-5.02,322,356.63,0.511,0.566,-0.11,-34.6
332,Bilal Coulibaly,Washington Wizards,1641731,388.0,418.51,0.501,-0.079,-30.51,183.0,239.76,0.284,-0.264,-56.76,571,658.28,0.474,0.547,-0.145,-87.3
333,Nick Smith Jr.,Charlotte Hornets,1641733,166.0,171.14,0.469,-0.029,-5.14,192.0,230.44,0.305,-0.183,-38.44,358,401.62,0.463,0.519,-0.113,-43.6
334,Adem Bona,Philadelphia 76ers,1641737,122.0,109.25,0.685,0.143,12.75,0.0,0.0,0.0,0.0,0.0,122,109.25,0.685,0.614,0.143,12.8
335,Toumani Camara,Portland Trail Blazers,1641739,306.0,342.9,0.531,-0.128,-36.9,276.0,290.17,0.361,-0.056,-14.17,582,633.07,0.536,0.583,-0.094,-51.1
336,Ricky Council IV,Philadelphia 76ers,1641741,160.0,172.06,0.506,-0.076,-12.06,114.0,144.65,0.29,-0.234,-30.65,274,316.71,0.474,0.548,-0.148,-42.7
337,Zach Edey,Memphis Grizzlies,1641744,342.0,346.45,0.606,-0.016,-4.45,45.0,49.38,0.349,-0.102,-4.38,387,395.83,0.595,0.609,-0.027,-8.8
338,Andre Jackson Jr.,Milwaukee Bucks,1641748,112.0,136.82,0.514,-0.228,-24.82,87.0,83.57,0.397,0.047,3.43,199,220.38,0.547,0.605,-0.117,-21.4
339,Jordan Miller,LA Clippers,1641757,90.0,98.22,0.506,-0.092,-8.22,24.0,38.89,0.222,-0.414,-14.89,114,137.11,0.456,0.548,-0.185,-23.1
340,Julian Phillips,Chicago Bulls,1641763,116.0,125.72,0.574,-0.096,-9.72,114.0,131.94,0.33,-0.156,-17.94,230,257.65,0.532,0.596,-0.128,-27.6
341,Brandin Podziemski,Golden State Warriors,1641764,246.0,245.4,0.526,0.003,0.6,192.0,223.28,0.312,-0.153,-31.28,438,468.68,0.499,0.534,-0.07,-30.7
342,Olivier-Maxence Prosper,Dallas Mavericks,1641765,116.0,141.3,0.472,-0.206,-25.3,36.0,57.85,0.235,-0.428,-21.85,152,199.14,0.437,0.572,-0.271,-47.1
343,Ben Sheppard,Indiana Pacers,1641767,90.0,91.7,0.592,-0.022,-1.7,183.0,185.07,0.37,-0.013,-2.07,273,276.78,0.566,0.574,-0.016,-3.8
344,Tristan Vukcevic,Washington Wizards,1641774,62.0,54.5,0.646,0.156,7.5,45.0,55.88,0.306,-0.222,-10.88,107,110.37,0.552,0.569,-0.035,-3.4
345,Tristan da Silva,Orlando Magic,1641783,206.0,232.85,0.51,-0.133,-26.85,210.0,229.64,0.34,-0.095,-19.64,416,462.51,0.51,0.567,-0.114,-46.5
346,Tosan Evbuomwan,Brooklyn Nets,1641787,110.0,116.54,0.505,-0.06,-6.54,45.0,61.14,0.278,-0.299,-16.14,155,177.68,0.475,0.545,-0.139,-22.7
347,Pelle Larsson,Miami Heat,1641796,74.0,78.14,0.569,-0.064,-4.14,60.0,71.61,0.317,-0.184,-11.61,134,149.73,0.523,0.585,-0.123,-15.7
348,Antonio Reeves,New Orleans Pelicans,1641810,52.0,56.23,0.5,-0.081,-4.23,66.0,69.12,0.361,-0.051,-3.12,118,125.35,0.522,0.555,-0.065,-7.3
349,Matas Buzelis,Chicago Bulls,1641824,212.0,229.93,0.53,-0.09,-17.93,177.0,194.76,0.331,-0.1,-17.76,389,424.68,0.515,0.562,-0.094,-35.7
350,Ronald Holland II,Detroit Pistons,1641842,244.0,234.95,0.592,0.044,9.05,87.0,141.83,0.232,-0.439,-54.83,331,376.77,0.5,0.569,-0.138,-45.8
351,Craig Porter Jr.,Cleveland Cavaliers,1641854,70.0,63.84,0.603,0.106,6.16,45.0,35.23,0.455,0.296,9.77,115,99.06,0.632,0.544,0.175,15.9
352,Zaccharie Risacher,Atlanta Hawks,1642258,330.0,382.89,0.505,-0.162,-52.89,258.0,275.66,0.35,-0.072,-17.66,588,658.53,0.513,0.575,-0.123,-70.5
353,Alex Sarr,Washington Wizards,1642259,276.0,363.62,0.444,-0.282,-87.62,213.0,252.62,0.311,-0.174,-39.62,489,616.22,0.454,0.572,-0.236,-127.2
354,Dalton Knecht,Los Angeles Lakers,1642261,202.0,177.57,0.627,0.152,24.43,291.0,281.57,0.365,0.035,9.43,493,459.14,0.577,0.538,0.079,33.9
355,Cody Williams,Utah Jazz,1642262,76.0,100.18,0.392,-0.249,-24.18,84.0,105.22,0.295,-0.223,-21.22,160,205.4,0.417,0.535,-0.236,-45.4
356,Reed Sheppard,Houston Rockets,1642263,68.0,82.48,0.4,-0.17,-14.48,93.0,117.89,0.279,-0.224,-24.89,161,200.38,0.411,0.511,-0.201,-39.4
357,Stephon Castle,San Antonio Spurs,1642264,466.0,500.8,0.501,-0.075,-34.8,210.0,276.51,0.282,-0.268,-66.51,676,777.31,0.474,0.545,-0.142,-101.3
358,Rob Dillingham,Minnesota Timberwolves,1642265,128.0,128.95,0.496,-0.007,-0.95,75.0,74.33,0.357,0.01,0.67,203,203.28,0.51,0.511,-0.001,-0.3
359,Ja'Kobe Walter,Toronto Raptors,1642266,162.0,179.13,0.482,-0.102,-17.13,132.0,155.08,0.312,-0.164,-23.08,294,334.2,0.476,0.541,-0.13,-40.2
360,Bub Carrington,Washington Wizards,1642267,222.0,233.47,0.476,-0.049,-11.47,306.0,311.5,0.347,-0.019,-5.5,528,544.97,0.501,0.517,-0.032,-17.0
361,Isaiah Collier,Utah Jazz,1642268,272.0,291.11,0.496,-0.07,-19.11,84.0,134.51,0.224,-0.404,-50.51,356,425.63,0.446,0.533,-0.175,-69.6
362,Donovan Clingan,Portland Trail Blazers,1642270,242.0,259.45,0.593,-0.086,-17.45,24.0,33.24,0.276,-0.319,-9.24,266,292.68,0.571,0.628,-0.115,-26.7
363,Kyle Filipowski,Utah Jazz,1642271,236.0,222.12,0.615,0.072,13.88,150.0,147.88,0.379,0.016,2.12,386,370.0,0.596,0.571,0.049,16.0
364,Jared McCain,Philadelphia 76ers,1642272,150.0,136.59,0.532,0.095,13.41,153.0,145.25,0.383,0.058,7.75,303,281.83,0.553,0.514,0.077,21.2
365,Kyshawn George,Washington Wizards,1642273,138.0,172.35,0.451,-0.225,-34.35,288.0,333.03,0.318,-0.149,-45.03,426,505.38,0.468,0.555,-0.174,-79.4
366,Yves Missi,New Orleans Pelicans,1642274,438.0,506.8,0.541,-0.17,-68.8,0.0,0.94,0.0,-0.94,-0.94,438,507.74,0.539,0.625,-0.172,-69.7
367,Tidjane SalaÃ¼n,Charlotte Hornets,1642275,70.0,109.61,0.357,-0.404,-39.61,129.0,158.03,0.295,-0.199,-29.03,199,267.64,0.408,0.548,-0.281,-68.6
368,Kel'el Ware,Miami Heat,1642276,270.0,276.2,0.616,-0.028,-6.2,75.0,86.31,0.316,-0.143,-11.31,345,362.5,0.579,0.608,-0.059,-17.5
369,Jaylon Tyson,Cleveland Cavaliers,1642281,66.0,73.9,0.524,-0.125,-7.9,42.0,43.5,0.359,-0.038,-1.5,108,117.41,0.529,0.576,-0.092,-9.4
370,Oso Ighodaro,Phoenix Suns,1642345,124.0,127.82,0.585,-0.036,-3.82,0.0,1.83,0.0,-0.915,-1.83,124,129.65,0.574,0.6,-0.052,-5.7
371,Ryan Dunn,Phoenix Suns,1642346,168.0,177.93,0.579,-0.068,-9.93,147.0,182.53,0.299,-0.217,-35.53,315,360.46,0.51,0.583,-0.147,-45.5
372,Jamal Shead,Toronto Raptors,1642347,180.0,184.14,0.489,-0.022,-4.14,135.0,157.52,0.317,-0.159,-22.52,315,341.67,0.483,0.524,-0.082,-26.7
373,Justin Edwards,Philadelphia 76ers,1642348,110.0,99.12,0.573,0.113,10.88,129.0,132.22,0.355,-0.027,-3.22,239,231.34,0.551,0.533,0.035,7.7
374,Ajay Mitchell,Oklahoma City Thunder,1642349,126.0,121.57,0.543,0.038,4.43,66.0,58.59,0.431,0.145,7.41,192,180.15,0.575,0.539,0.071,11.8
375,KJ Simpson,Charlotte Hornets,1642354,86.0,106.35,0.422,-0.2,-20.35,48.0,81.27,0.216,-0.45,-33.27,134,187.59,0.381,0.533,-0.304,-53.6
376,Quinten Post,Golden State Warriors,1642366,68.0,80.91,0.5,-0.19,-12.91,132.0,111.8,0.449,0.206,20.2,200,192.71,0.602,0.58,0.044,7.3
377,Jonathan Mogbo,Toronto Raptors,1642367,174.0,211.32,0.494,-0.212,-37.32,42.0,53.58,0.298,-0.246,-11.58,216,264.89,0.484,0.594,-0.219,-48.9
378,Jaylen Wells,Memphis Grizzlies,1642377,262.0,271.87,0.53,-0.04,-9.87,360.0,355.85,0.369,0.013,4.15,622,627.71,0.544,0.549,-0.01,-5.7
379,Jamison Battle,Toronto Raptors,1642419,50.0,49.68,0.581,0.007,0.32,168.0,142.72,0.424,0.192,25.28,218,192.38,0.623,0.55,0.146,25.6
